Rank,   Word,,,
1,   the,,,
2,   be,,,
3,   and,,,
4,   of,,,
5,   a,,,
6,   in,,,
7,   to,,,
8,   have,,,
9,   it,,,
10,   I,,,
11,   that,,,
12,   for,,,
13,   you,,,
14,   he,,,
15,   with,,,
16,   on,,,
17,   do,,,
18,   say,,,
19,   this,,,
20,   they,,,
21,   at,,,
22,   but,,,
23,   we,,,
24,   his,,,
25,   from,,,
26,   not,,,
27,   n't,,,
28,   by,,,
29,   she,,,
30,   or,,,
31,   as,,,
32,   what,,,
33,   go,,,
34,   their,,,
35,   can,,,
36,   who,,,
37,   get,,,
38,   if,,,
39,   would,,,
40,   her,,,
41,   all,,,
42,   my,,,
43,   make,,,
44,   about,,,
45,   know,,,
46,   will,,,
47,   up,,,
48,   one,,,
49,   time,,,
50,   there,,,
51,   year,,,
52,   so,,,
53,   think,,,
54,   when,,,
55,   which,,,
56,   them,,,
57,   some,,,
58,   me,,,
59,   people,,,
60,   take,,,
61,   out,,,
62,   into,,,
63,   just,,,
64,   see,,,
65,   him,,,
66,   your,,,
67,   come,,,
68,   could,,,
69,   now,,,
70,   than,,,
71,   like,,,
72,   other,,,
73,   how,,,
74,   then,,,
75,   its,,,
76,   our,,,
77,   two,,,
78,   more,,,
79,   these,,,
80,   want,,,
81,   way,,,
82,   look,,,
83,   first,,,
84,   also,,,
85,   new,,,
86,   because,,,
87,   day,,,
88,   use,,,
89,   no,,,
90,   man,,,
91,   find,,,
92,   here,,,
93,   thing,,,
94,   give,,,
95,   many,,,
96,   well,,,
97,   only,,,
98,   those,,,
99,   tell,,,
100,   very,,,
101,   even,,,
102,   back,,,
103,   any,,,
104,   good,,,
105,   woman,,,
106,   through,,,
107,   us,,,
108,   life,,,
109,   child,,,
110,   work,,,
111,   down,,,
112,   may,,,
113,   after,,,
114,   should,,,
115,   call,,,
116,   world,,,
117,   over,,,
118,   school,,,
119,   still,,,
120,   try,,,
121,   last,,,
122,   ask,,,
123,   need,,,
124,   too,,,
125,   feel,,,
126,   three,,,
127,   state,,,
128,   never,,,
129,   become,,,
130,   between,,,
131,   high,,,
132,   really,,,
133,   something,,,
134,   most,,,
135,   another,,,
136,   much,,,
137,   family,,,
138,   own,,,
139,   leave,,,
140,   put,,,
141,   old,,,
142,   while,,,
143,   mean,,,
144,   keep,,,
145,   student,,,
146,   why,,,
147,   let,,,
148,   great,,,
149,   same,,,
150,   big,,,
151,   group,,,
152,   begin,,,
153,   seem,,,
154,   country,,,
155,   help,,,
156,   talk,,,
157,   where,,,
158,   turn,,,
159,   problem,,,
160,   every,,,
161,   start,,,
162,   hand,,,
163,   might,,,
164,   American,,,
165,   show,,,
166,   part,,,
167,   against,,,
168,   place,,,
169,   such,,,
170,   again,,,
171,   few,,,
172,   case,,,
173,   week,,,
174,   company,,,
175,   system,,,
176,   each,,,
177,   right,,,
178,   program,,,
179,   hear,,,
180,   question,,,
181,   during,,,
182,   play,,,
183,   government,,,
184,   run,,,
185,   small,,,
186,   number,,,
187,   off,,,
188,   always,,,
189,   move,,,
190,   night,,,
191,   live,,,
192,   Mr,,,
193,   point,,,
194,   believe,,,
195,   hold,,,
196,   today,,,
197,   bring,,,
198,   happen,,,
199,   next,,,
200,   without,,,
201,   before,,,
202,   large,,,
203,   million,,,
204,   must,,,
205,   home,,,
206,   under,,,
207,   water,,,
208,   room,,,
209,   write,,,
210,   mother,,,
211,   area,,,
212,   national,,,
213,   money,,,
214,   story,,,
215,   young,,,
216,   fact,,,
217,   month,,,
218,   different,,,
219,   lot,,,
220,   study,,,
221,   book,,,
222,   eye,,,
223,   job,,,
224,   though,,,
225,   business,,,
226,   issue,,,
227,   side,,,
228,   kind,,,
229,   four,,,
230,   head,,,
231,   far,,,
232,   black,,,
233,   long,,,
234,   both,,,
235,   little,,,
236,   house,,,
237,   yes,,,
238,   since,,,
239,   provide,,,
240,   service,,,
241,   around,,,
242,   friend,,,
243,   important,,,
244,   father,,,
245,   sit,,,
246,   away,,,
247,   until,,,
248,   power,,,
249,   hour,,,
250,   game,,,
251,   often,,,
252,   yet,,,
253,   line,,,
254,   political,,,
255,   end,,,
256,   among,,,
257,   ever,,,
258,   stand,,,
259,   bad,,,
260,   lose,,,
261,   however,,,
262,   member,,,
263,   pay,,,
264,   law,,,
265,   meet,,,
266,   car,,,
267,   city,,,
268,   almost,,,
269,   include,,,
270,   continue,,,
271,   set,,,
272,   later,,,
273,   community,,,
274,   name,,,
275,   five,,,
276,   once,,,
277,   white,,,
278,   least,,,
279,   president,,,
280,   learn,,,
281,   real,,,
282,   change,,,
283,   team,,,
284,   minute,,,
285,   best,,,
286,   several,,,
287,   idea,,,
288,   kid,,,
289,   body,,,
290,   information,,,
291,   nothing,,,
292,   ago,,,
293,   lead,,,
294,   social,,,
295,   understand,,,
296,   whether,,,
297,   watch,,,
298,   together,,,
299,   follow,,,
300,   parent,,,
301,   stop,,,
302,   face,,,
303,   anything,,,
304,   create,,,
305,   public,,,
306,   already,,,
307,   speak,,,
308,   others,,,
309,   read,,,
310,   level,,,
311,   allow,,,
312,   add,,,
313,   office,,,
314,   spend,,,
315,   door,,,
316,   health,,,
317,   person,,,
318,   art,,,
319,   sure,,,
320,   war,,,
321,   history,,,
322,   party,,,
323,   within,,,
324,   grow,,,
325,   result,,,
326,   open,,,
327,   morning,,,
328,   walk,,,
329,   reason,,,
330,   low,,,
331,   win,,,
332,   research,,,
333,   girl,,,
334,   guy,,,
335,   early,,,
336,   food,,,
337,   moment,,,
338,   himself,,,
339,   air,,,
340,   teacher,,,
341,   force,,,
342,   offer,,,
343,   enough,,,
344,   education,,,
345,   across,,,
346,   although,,,
347,   remember,,,
348,   foot,,,
349,   second,,,
350,   boy,,,
351,   maybe,,,
352,   toward,,,
353,   able,,,
354,   age,,,
355,   policy,,,
356,   everything,,,
357,   love,,,
358,   process,,,
359,   music,,,
360,   including,,,
361,   consider,,,
362,   appear,,,
363,   actually,,,
364,   buy,,,
365,   probably,,,
366,   human,,,
367,   wait,,,
368,   serve,,,
369,   market,,,
370,   die,,,
371,   send,,,
372,   expect,,,
373,   sense,,,
374,   build,,,
375,   stay,,,
376,   fall,,,
377,   oh,,,
378,   nation,,,
379,   plan,,,
380,   cut,,,
381,   college,,,
382,   interest,,,
383,   death,,,
384,   course,,,
385,   someone,,,
386,   experience,,,
387,   behind,,,
388,   reach,,,
389,   local,,,
390,   kill,,,
391,   six,,,
392,   remain,,,
393,   effect,,,
394,   yeah,,,
395,   suggest,,,
396,   class,,,
397,   control,,,
398,   raise,,,
399,   care,,,
400,   perhaps,,,
401,   late,,,
402,   hard,,,
403,   field,,,
404,   else,,,
405,   pass,,,
406,   former,,,
407,   sell,,,
408,   major,,,
409,   sometimes,,,
410,   require,,,
411,   along,,,
412,   development,,,
413,   themselves,,,
414,   report,,,
415,   role,,,
416,   better,,,
417,   economic,,,
418,   effort,,,
419,   decide,,,
420,   rate,,,
421,   strong,,,
422,   possible,,,
423,   heart,,,
424,   drug,,,
425,   leader,,,
426,   light,,,
427,   voice,,,
428,   wife,,,
429,   whole,,,
430,   police,,,
431,   mind,,,
432,   finally,,,
433,   pull,,,
434,   return,,,
435,   free,,,
436,   military,,,
437,   price,,,
438,   less,,,
439,   according,,,
440,   decision,,,
441,   explain,,,
442,   son,,,
443,   hope,,,
444,   develop,,,
445,   view,,,
446,   relationship,,,
447,   carry,,,
448,   town,,,
449,   road,,,
450,   drive,,,
451,   arm,,,
452,   true,,,
453,   federal,,,
454,   break,,,
455,   difference,,,
456,   thank,,,
457,   receive,,,
458,   value,,,
459,   international,,,
460,   building,,,
461,   action,,,
462,   full,,,
463,   model,,,
464,   join,,,
465,   season,,,
466,   society,,,
467,   tax,,,
468,   director,,,
469,   position,,,
470,   player,,,
471,   agree,,,
472,   especially,,,
473,   record,,,
474,   pick,,,
475,   wear,,,
476,   paper,,,
477,   special,,,
478,   space,,,
479,   ground,,,
480,   form,,,
481,   support,,,
482,   event,,,
483,   official,,,
484,   whose,,,
485,   matter,,,
486,   everyone,,,
487,   center,,,
488,   couple,,,
489,   site,,,
490,   project,,,
491,   hit,,,
492,   base,,,
493,   activity,,,
494,   star,,,
495,   table,,,
496,   court,,,
497,   produce,,,
498,   eat,,,
499,   teach,,,
500,   oil,,,
501,   half,,,
502,   situation,,,
503,   easy,,,
504,   cost,,,
505,   industry,,,
506,   figure,,,
507,   street,,,
508,   image,,,
509,   itself,,,
510,   phone,,,
511,   either,,,
512,   data,,,
513,   cover,,,
514,   quite,,,
515,   picture,,,
516,   clear,,,
517,   practice,,,
518,   piece,,,
519,   land,,,
520,   recent,,,
521,   describe,,,
522,   product,,,
523,   doctor,,,
524,   wall,,,
525,   patient,,,
526,   worker,,,
527,   news,,,
528,   test,,,
529,   movie,,,
530,   certain,,,
531,   north,,,
532,   personal,,,
533,   simply,,,
534,   third,,,
535,   technology,,,
536,   catch,,,
537,   step,,,
538,   baby,,,
539,   computer,,,
540,   type,,,
541,   attention,,,
542,   draw,,,
543,   film,,,
544,   Republican,,,
545,   tree,,,
546,   source,,,
547,   red,,,
548,   nearly,,,
549,   organization,,,
550,   choose,,,
551,   cause,,,
552,   hair,,,
553,   century,,,
554,   evidence,,,
555,   window,,,
556,   difficult,,,
557,   listen,,,
558,   soon,,,
559,   culture,,,
560,   billion,,,
561,   chance,,,
562,   brother,,,
563,   energy,,,
564,   period,,,
565,   summer,,,
566,   realize,,,
567,   hundred,,,
568,   available,,,
569,   plant,,,
570,   likely,,,
571,   opportunity,,,
572,   term,,,
573,   short,,,
574,   letter,,,
575,   condition,,,
576,   choice,,,
577,   single,,,
578,   rule,,,
579,   daughter,,,
580,   administration,,,
581,   south,,,
582,   husband,,,
583,   Congress,,,
584,   floor,,,
585,   campaign,,,
586,   material,,,
587,   population,,,
588,   economy,,,
589,   medical,,,
590,   hospital,,,
591,   church,,,
592,   close,,,
593,   thousand,,,
594,   risk,,,
595,   current,,,
596,   fire,,,
597,   future,,,
598,   wrong,,,
599,   involve,,,
600,   defense,,,
601,   anyone,,,
602,   increase,,,
603,   security,,,
604,   bank,,,
605,   myself,,,
606,   certainly,,,
607,   west,,,
608,   sport,,,
609,   board,,,
610,   seek,,,
611,   per,,,
612,   subject,,,
613,   officer,,,
614,   private,,,
615,   rest,,,
616,   behavior,,,
617,   deal,,,
618,   performance,,,
619,   fight,,,
620,   throw,,,
621,   top,,,
622,   quickly,,,
623,   past,,,
624,   goal,,,
625,   bed,,,
626,   order,,,
627,   author,,,
628,   fill,,,
629,   represent,,,
630,   focus,,,
631,   foreign,,,
632,   drop,,,
633,   blood,,,
634,   upon,,,
635,   agency,,,
636,   push,,,
637,   nature,,,
638,   color,,,
639,   recently,,,
640,   store,,,
641,   reduce,,,
642,   sound,,,
643,   note,,,
644,   fine,,,
645,   near,,,
646,   movement,,,
647,   page,,,
648,   enter,,,
649,   share,,,
650,   common,,,
651,   poor,,,
652,   natural,,,
653,   race,,,
654,   concern,,,
655,   series,,,
656,   significant,,,
657,   similar,,,
658,   hot,,,
659,   language,,,
660,   usually,,,
661,   response,,,
662,   dead,,,
663,   rise,,,
664,   animal,,,
665,   factor,,,
666,   decade,,,
667,   article,,,
668,   shoot,,,
669,   east,,,
670,   save,,,
671,   seven,,,
672,   artist,,,
673,   scene,,,
674,   stock,,,
675,   career,,,
676,   despite,,,
677,   central,,,
678,   eight,,,
679,   thus,,,
680,   treatment,,,
681,   beyond,,,
682,   happy,,,
683,   exactly,,,
684,   protect,,,
685,   approach,,,
686,   lie,,,
687,   size,,,
688,   dog,,,
689,   fund,,,
690,   serious,,,
691,   occur,,,
692,   media,,,
693,   ready,,,
694,   sign,,,
695,   thought,,,
696,   list,,,
697,   individual,,,
698,   simple,,,
699,   quality,,,
700,   pressure,,,
701,   accept,,,
702,   answer,,,
703,   resource,,,
704,   identify,,,
705,   left,,,
706,   meeting,,,
707,   determine,,,
708,   prepare,,,
709,   disease,,,
710,   whatever,,,
711,   success,,,
712,   argue,,,
713,   cup,,,
714,   particularly,,,
715,   amount,,,
716,   ability,,,
717,   staff,,,
718,   recognize,,,
719,   indicate,,,
720,   character,,,
721,   growth,,,
722,   loss,,,
723,   degree,,,
724,   wonder,,,
725,   attack,,,
726,   herself,,,
727,   region,,,
728,   television,,,
729,   box,,,
730,   TV,,,
731,   training,,,
732,   pretty,,,
733,   trade,,,
734,   election,,,
735,   everybody,,,
736,   physical,,,
737,   lay,,,
738,   general,,,
739,   feeling,,,
740,   standard,,,
741,   bill,,,
742,   message,,,
743,   fail,,,
744,   outside,,,
745,   arrive,,,
746,   analysis,,,
747,   benefit,,,
748,   sex,,,
749,   forward,,,
750,   lawyer,,,
751,   present,,,
752,   section,,,
753,   environmental,,,
754,   glass,,,
755,   skill,,,
756,   sister,,,
757,   PM,,,
758,   professor,,,
759,   operation,,,
760,   financial,,,
761,   crime,,,
762,   stage,,,
763,   ok,,,
764,   compare,,,
765,   authority,,,
766,   miss,,,
767,   design,,,
768,   sort,,,
769,   act,,,
770,   ten,,,
771,   knowledge,,,
772,   gun,,,
773,   station,,,
774,   blue,,,
775,   strategy,,,
776,   clearly,,,
777,   discuss,,,
778,   indeed,,,
779,   truth,,,
780,   song,,,
781,   example,,,
782,   democratic,,,
783,   check,,,
784,   environment,,,
785,   leg,,,
786,   dark,,,
787,   various,,,
788,   rather,,,
789,   laugh,,,
790,   guess,,,
791,   executive,,,
792,   prove,,,
793,   hang,,,
794,   entire,,,
795,   rock,,,
796,   forget,,,
797,   claim,,,
798,   remove,,,
799,   manager,,,
800,   enjoy,,,
801,   network,,,
802,   legal,,,
803,   religious,,,
804,   cold,,,
805,   final,,,
806,   main,,,
807,   science,,,
808,   green,,,
809,   memory,,,
810,   card,,,
811,   above,,,
812,   seat,,,
813,   cell,,,
814,   establish,,,
815,   nice,,,
816,   trial,,,
817,   expert,,,
818,   spring,,,
819,   firm,,,
820,   Democrat,,,
821,   radio,,,
822,   visit,,,
823,   management,,,
824,   avoid,,,
825,   imagine,,,
826,   tonight,,,
827,   huge,,,
828,   ball,,,
829,   finish,,,
830,   yourself,,,
831,   theory,,,
832,   impact,,,
833,   respond,,,
834,   statement,,,
835,   maintain,,,
836,   charge,,,
837,   popular,,,
838,   traditional,,,
839,   onto,,,
840,   reveal,,,
841,   direction,,,
842,   weapon,,,
843,   employee,,,
844,   cultural,,,
845,   contain,,,
846,   peace,,,
847,   pain,,,
848,   apply,,,
849,   measure,,,
850,   wide,,,
851,   shake,,,
852,   fly,,,
853,   interview,,,
854,   manage,,,
855,   chair,,,
856,   fish,,,
857,   particular,,,
858,   camera,,,
859,   structure,,,
860,   politics,,,
861,   perform,,,
862,   bit,,,
863,   weight,,,
864,   suddenly,,,
865,   discover,,,
866,   candidate,,,
867,   production,,,
868,   treat,,,
869,   trip,,,
870,   evening,,,
871,   affect,,,
872,   inside,,,
873,   conference,,,
874,   unit,,,
875,   style,,,
876,   adult,,,
877,   worry,,,
878,   range,,,
879,   mention,,,
880,   deep,,,
881,   edge,,,
882,   specific,,,
883,   writer,,,
884,   trouble,,,
885,   necessary,,,
886,   throughout,,,
887,   challenge,,,
888,   fear,,,
889,   shoulder,,,
890,   institution,,,
891,   middle,,,
892,   sea,,,
893,   dream,,,
894,   bar,,,
895,   beautiful,,,
896,   property,,,
897,   instead,,,
898,   improve,,,
899,   stuff,,,
900,   detail,,,
901,   method,,,
902,   somebody,,,
903,   magazine,,,
904,   hotel,,,
905,   soldier,,,
906,   reflect,,,
907,   heavy,,,
908,   sexual,,,
909,   bag,,,
910,   heat,,,
911,   marriage,,,
912,   tough,,,
913,   sing,,,
914,   surface,,,
915,   purpose,,,
916,   exist,,,
917,   pattern,,,
918,   whom,,,
919,   skin,,,
920,   agent,,,
921,   owner,,,
922,   machine,,,
923,   gas,,,
924,   ahead,,,
925,   generation,,,
926,   commercial,,,
927,   address,,,
928,   cancer,,,
929,   item,,,
930,   reality,,,
931,   coach,,,
932,   Mrs,,,
933,   yard,,,
934,   beat,,,
935,   violence,,,
936,   total,,,
937,   tend,,,
938,   investment,,,
939,   discussion,,,
940,   finger,,,
941,   garden,,,
942,   notice,,,
943,   collection,,,
944,   modern,,,
945,   task,,,
946,   partner,,,
947,   positive,,,
948,   civil,,,
949,   kitchen,,,
950,   consumer,,,
951,   shot,,,
952,   budget,,,
953,   wish,,,
954,   painting,,,
955,   scientist,,,
956,   safe,,,
957,   agreement,,,
958,   capital,,,
959,   mouth,,,
960,   nor,,,
961,   victim,,,
962,   newspaper,,,
963,   threat,,,
964,   responsibility,,,
965,   smile,,,
966,   attorney,,,
967,   score,,,
968,   account,,,
969,   interesting,,,
970,   audience,,,
971,   rich,,,
972,   dinner,,,
973,   vote,,,
974,   western,,,
975,   relate,,,
976,   travel,,,
977,   debate,,,
978,   prevent,,,
979,   citizen,,,
980,   majority,,,
981,   none,,,
982,   front,,,
983,   born,,,
984,   admit,,,
985,   senior,,,
986,   assume,,,
987,   wind,,,
988,   key,,,
989,   professional,,,
990,   mission,,,
991,   fast,,,
992,   alone,,,
993,   customer,,,
994,   suffer,,,
995,   speech,,,
996,   successful,,,
997,   option,,,
998,   participant,,,
999,   southern,,,
1000,   fresh,,,
1001,   eventually,,,
1002,   forest,,,
1003,   video,,,
1004,   global,,,
1005,   Senate,,,
1006,   reform,,,
1007,   access,,,
1008,   restaurant,,,
1009,   judge,,,
1010,   publish,,,
1011,   relation,,,
1012,   release,,,
1013,   bird,,,
1014,   opinion,,,
1015,   credit,,,
1016,   critical,,,
1017,   corner,,,
1018,   concerned,,,
1019,   recall,,,
1020,   version,,,
1021,   stare,,,
1022,   safety,,,
1023,   effective,,,
1024,   neighborhood,,,
1025,   original,,,
1026,   troop,,,
1027,   income,,,
1028,   directly,,,
1029,   hurt,,,
1030,   species,,,
1031,   immediately,,,
1032,   track,,,
1033,   basic,,,
1034,   strike,,,
1035,   sky,,,
1036,   freedom,,,
1037,   absolutely,,,
1038,   plane,,,
1039,   nobody,,,
1040,   achieve,,,
1041,   object,,,
1042,   attitude,,,
1043,   labor,,,
1044,   refer,,,
1045,   concept,,,
1046,   client,,,
1047,   powerful,,,
1048,   perfect,,,
1049,   nine,,,
1050,   therefore,,,
1051,   conduct,,,
1052,   announce,,,
1053,   conversation,,,
1054,   examine,,,
1055,   touch,,,
1056,   please,,,
1057,   attend,,,
1058,   completely,,,
1059,   variety,,,
1060,   sleep,,,
1061,   involved,,,
1062,   investigation,,,
1063,   nuclear,,,
1064,   researcher,,,
1065,   press,,,
1066,   conflict,,,
1067,   spirit,,,
1068,   replace,,,
1069,   British,,,
1070,   encourage,,,
1071,   argument,,,
1072,   camp,,,
1073,   brain,,,
1074,   feature,,,
1075,   afternoon,,,
1076,   AM,,,
1077,   weekend,,,
1078,   dozen,,,
1079,   possibility,,,
1080,   insurance,,,
1081,   department,,,
1082,   battle,,,
1083,   beginning,,,
1084,   date,,,
1085,   generally,,,
1086,   African,,,
1087,   sorry,,,
1088,   crisis,,,
1089,   complete,,,
1090,   fan,,,
1091,   stick,,,
1092,   define,,,
1093,   easily,,,
1094,   hole,,,
1095,   element,,,
1096,   vision,,,
1097,   status,,,
1098,   normal,,,
1099,   Chinese,,,
1100,   ship,,,
1101,   solution,,,
1102,   stone,,,
1103,   slowly,,,
1104,   scale,,,
1105,   university,,,
1106,   introduce,,,
1107,   driver,,,
1108,   attempt,,,
1109,   park,,,
1110,   spot,,,
1111,   lack,,,
1112,   ice,,,
1113,   boat,,,
1114,   drink,,,
1115,   sun,,,
1116,   distance,,,
1117,   wood,,,
1118,   handle,,,
1119,   truck,,,
1120,   mountain,,,
1121,   survey,,,
1122,   supposed,,,
1123,   tradition,,,
1124,   winter,,,
1125,   village,,,
1126,   Soviet,,,
1127,   refuse,,,
1128,   sales,,,
1129,   roll,,,
1130,   communication,,,
1131,   screen,,,
1132,   gain,,,
1133,   resident,,,
1134,   hide,,,
1135,   gold,,,
1136,   club,,,
1137,   farm,,,
1138,   potential,,,
1139,   European,,,
1140,   presence,,,
1141,   independent,,,
1142,   district,,,
1143,   shape,,,
1144,   reader,,,
1145,   Ms,,,
1146,   contract,,,
1147,   crowd,,,
1148,   Christian,,,
1149,   express,,,
1150,   apartment,,,
1151,   willing,,,
1152,   strength,,,
1153,   previous,,,
1154,   band,,,
1155,   obviously,,,
1156,   horse,,,
1157,   interested,,,
1158,   target,,,
1159,   prison,,,
1160,   ride,,,
1161,   guard,,,
1162,   terms,,,
1163,   demand,,,
1164,   reporter,,,
1165,   deliver,,,
1166,   text,,,
1167,   tool,,,
1168,   wild,,,
1169,   vehicle,,,
1170,   observe,,,
1171,   flight,,,
1172,   facility,,,
1173,   understanding,,,
1174,   average,,,
1175,   emerge,,,
1176,   advantage,,,
1177,   quick,,,
1178,   leadership,,,
1179,   earn,,,
1180,   pound,,,
1181,   basis,,,
1182,   bright,,,
1183,   operate,,,
1184,   guest,,,
1185,   sample,,,
1186,   contribute,,,
1187,   tiny,,,
1188,   block,,,
1189,   protection,,,
1190,   settle,,,
1191,   feed,,,
1192,   collect,,,
1193,   additional,,,
1194,   highly,,,
1195,   identity,,,
1196,   title,,,
1197,   mostly,,,
1198,   lesson,,,
1199,   faith,,,
1200,   river,,,
1201,   promote,,,
1202,   living,,,
1203,   count,,,
1204,   unless,,,
1205,   marry,,,
1206,   tomorrow,,,
1207,   technique,,,
1208,   path,,,
1209,   ear,,,
1210,   shop,,,
1211,   folk,,,
1212,   principle,,,
1213,   survive,,,
1214,   lift,,,
1215,   border,,,
1216,   competition,,,
1217,   jump,,,
1218,   gather,,,
1219,   limit,,,
1220,   fit,,,
1221,   cry,,,
1222,   equipment,,,
1223,   worth,,,
1224,   associate,,,
1225,   critic,,,
1226,   warm,,,
1227,   aspect,,,
1228,   insist,,,
1229,   failure,,,
1230,   annual,,,
1231,   French,,,
1232,   Christmas,,,
1233,   comment,,,
1234,   responsible,,,
1235,   affair,,,
1236,   procedure,,,
1237,   regular,,,
1238,   spread,,,
1239,   chairman,,,
1240,   baseball,,,
1241,   soft,,,
1242,   ignore,,,
1243,   egg,,,
1244,   belief,,,
1245,   demonstrate,,,
1246,   anybody,,,
1247,   murder,,,
1248,   gift,,,
1249,   religion,,,
1250,   review,,,
1251,   editor,,,
1252,   engage,,,
1253,   coffee,,,
1254,   document,,,
1255,   speed,,,
1256,   cross,,,
1257,   influence,,,
1258,   anyway,,,
1259,   threaten,,,
1260,   commit,,,
1261,   female,,,
1262,   youth,,,
1263,   wave,,,
1264,   afraid,,,
1265,   quarter,,,
1266,   background,,,
1267,   native,,,
1268,   broad,,,
1269,   wonderful,,,
1270,   deny,,,
1271,   apparently,,,
1272,   slightly,,,
1273,   reaction,,,
1274,   twice,,,
1275,   suit,,,
1276,   perspective,,,
1277,   growing,,,
1278,   blow,,,
1279,   construction,,,
1280,   intelligence,,,
1281,   destroy,,,
1282,   cook,,,
1283,   connection,,,
1284,   burn,,,
1285,   shoe,,,
1286,   grade,,,
1287,   context,,,
1288,   committee,,,
1289,   hey,,,
1290,   mistake,,,
1291,   location,,,
1292,   clothes,,,
1293,   Indian,,,
1294,   quiet,,,
1295,   dress,,,
1296,   promise,,,
1297,   aware,,,
1298,   neighbor,,,
1299,   function,,,
1300,   bone,,,
1301,   active,,,
1302,   extend,,,
1303,   chief,,,
1304,   combine,,,
1305,   wine,,,
1306,   below,,,
1307,   cool,,,
1308,   voter,,,
1309,   learning,,,
1310,   bus,,,
1311,   hell,,,
1312,   dangerous,,,
1313,   remind,,,
1314,   moral,,,
1315,   United,,,
1316,   category,,,
1317,   relatively,,,
1318,   victory,,,
1319,   academic,,,
1320,   Internet,,,
1321,   healthy,,,
1322,   negative,,,
1323,   following,,,
1324,   historical,,,
1325,   medicine,,,
1326,   tour,,,
1327,   depend,,,
1328,   photo,,,
1329,   finding,,,
1330,   grab,,,
1331,   direct,,,
1332,   classroom,,,
1333,   contact,,,
1334,   justice,,,
1335,   participate,,,
1336,   daily,,,
1337,   fair,,,
1338,   pair,,,
1339,   famous,,,
1340,   exercise,,,
1341,   knee,,,
1342,   flower,,,
1343,   tape,,,
1344,   hire,,,
1345,   familiar,,,
1346,   appropriate,,,
1347,   supply,,,
1348,   fully,,,
1349,   actor,,,
1350,   birth,,,
1351,   search,,,
1352,   tie,,,
1353,   democracy,,,
1354,   eastern,,,
1355,   primary,,,
1356,   yesterday,,,
1357,   circle,,,
1358,   device,,,
1359,   progress,,,
1360,   bottom,,,
1361,   island,,,
1362,   exchange,,,
1363,   clean,,,
1364,   studio,,,
1365,   train,,,
1366,   lady,,,
1367,   colleague,,,
1368,   application,,,
1369,   neck,,,
1370,   lean,,,
1371,   damage,,,
1372,   plastic,,,
1373,   tall,,,
1374,   plate,,,
1375,   hate,,,
1376,   otherwise,,,
1377,   writing,,,
1378,   male,,,
1379,   alive,,,
1380,   expression,,,
1381,   football,,,
1382,   intend,,,
1383,   chicken,,,
1384,   army,,,
1385,   abuse,,,
1386,   theater,,,
1387,   shut,,,
1388,   map,,,
1389,   extra,,,
1390,   session,,,
1391,   danger,,,
1392,   welcome,,,
1393,   domestic,,,
1394,   lots,,,
1395,   literature,,,
1396,   rain,,,
1397,   desire,,,
1398,   assessment,,,
1399,   injury,,,
1400,   respect,,,
1401,   northern,,,
1402,   nod,,,
1403,   paint,,,
1404,   fuel,,,
1405,   leaf,,,
1406,   dry,,,
1407,   Russian,,,
1408,   instruction,,,
1409,   pool,,,
1410,   climb,,,
1411,   sweet,,,
1412,   engine,,,
1413,   fourth,,,
1414,   salt,,,
1415,   expand,,,
1416,   importance,,,
1417,   metal,,,
1418,   fat,,,
1419,   ticket,,,
1420,   software,,,
1421,   disappear,,,
1422,   corporate,,,
1423,   strange,,,
1424,   lip,,,
1425,   reading,,,
1426,   urban,,,
1427,   mental,,,
1428,   increasingly,,,
1429,   lunch,,,
1430,   educational,,,
1431,   somewhere,,,
1432,   farmer,,,
1433,   sugar,,,
1434,   planet,,,
1435,   favorite,,,
1436,   explore,,,
1437,   obtain,,,
1438,   enemy,,,
1439,   greatest,,,
1440,   complex,,,
1441,   surround,,,
1442,   athlete,,,
1443,   invite,,,
1444,   repeat,,,
1445,   carefully,,,
1446,   soul,,,
1447,   scientific,,,
1448,   impossible,,,
1449,   panel,,,
1450,   meaning,,,
1451,   mom,,,
1452,   married,,,
1453,   instrument,,,
1454,   predict,,,
1455,   weather,,,
1456,   presidential,,,
1457,   emotional,,,
1458,   commitment,,,
1459,   Supreme,,,
1460,   bear,,,
1461,   pocket,,,
1462,   thin,,,
1463,   temperature,,,
1464,   surprise,,,
1465,   poll,,,
1466,   proposal,,,
1467,   consequence,,,
1468,   breath,,,
1469,   sight,,,
1470,   balance,,,
1471,   adopt,,,
1472,   minority,,,
1473,   straight,,,
1474,   connect,,,
1475,   works,,,
1476,   teaching,,,
1477,   belong,,,
1478,   aid,,,
1479,   advice,,,
1480,   okay,,,
1481,   photograph,,,
1482,   empty,,,
1483,   regional,,,
1484,   trail,,,
1485,   novel,,,
1486,   code,,,
1487,   somehow,,,
1488,   organize,,,
1489,   jury,,,
1490,   breast,,,
1491,   Iraqi,,,
1492,   acknowledge,,,
1493,   theme,,,
1494,   storm,,,
1495,   union,,,
1496,   desk,,,
1497,   thanks,,,
1498,   fruit,,,
1499,   expensive,,,
1500,   yellow,,,
1501,   conclusion,,,
1502,   prime,,,
1503,   shadow,,,
1504,   struggle,,,
1505,   conclude,,,
1506,   analyst,,,
1507,   dance,,,
1508,   regulation,,,
1509,   being,,,
1510,   ring,,,
1511,   largely,,,
1512,   shift,,,
1513,   revenue,,,
1514,   mark,,,
1515,   locate,,,
1516,   county,,,
1517,   appearance,,,
1518,   package,,,
1519,   difficulty,,,
1520,   bridge,,,
1521,   recommend,,,
1522,   obvious,,,
1523,   basically,,,
1524,   e-mail,,,
1525,   generate,,,
1526,   anymore,,,
1527,   propose,,,
1528,   thinking,,,
1529,   possibly,,,
1530,   trend,,,
1531,   visitor,,,
1532,   loan,,,
1533,   currently,,,
1534,   comfortable,,,
1535,   investor,,,
1536,   profit,,,
1537,   angry,,,
1538,   crew,,,
1539,   accident,,,
1540,   meal,,,
1541,   hearing,,,
1542,   traffic,,,
1543,   muscle,,,
1544,   notion,,,
1545,   capture,,,
1546,   prefer,,,
1547,   truly,,,
1548,   earth,,,
1549,   Japanese,,,
1550,   chest,,,
1551,   thick,,,
1552,   cash,,,
1553,   museum,,,
1554,   beauty,,,
1555,   emergency,,,
1556,   unique,,,
1557,   internal,,,
1558,   ethnic,,,
1559,   link,,,
1560,   stress,,,
1561,   content,,,
1562,   select,,,
1563,   root,,,
1564,   nose,,,
1565,   declare,,,
1566,   appreciate,,,
1567,   actual,,,
1568,   bottle,,,
1569,   hardly,,,
1570,   setting,,,
1571,   launch,,,
1572,   file,,,
1573,   sick,,,
1574,   outcome,,,
1575,   ad,,,
1576,   defend,,,
1577,   duty,,,
1578,   sheet,,,
1579,   ought,,,
1580,   ensure,,,
1581,   Catholic,,,
1582,   extremely,,,
1583,   extent,,,
1584,   component,,,
1585,   mix,,,
1586,   long-term,,,
1587,   slow,,,
1588,   contrast,,,
1589,   zone,,,
1590,   wake,,,
1591,   airport,,,
1592,   brown,,,
1593,   shirt,,,
1594,   pilot,,,
1595,   warn,,,
1596,   ultimately,,,
1597,   cat,,,
1598,   contribution,,,
1599,   capacity,,,
1600,   ourselves,,,
1601,   estate,,,
1602,   guide,,,
1603,   circumstance,,,
1604,   snow,,,
1605,   English,,,
1606,   politician,,,
1607,   steal,,,
1608,   pursue,,,
1609,   slip,,,
1610,   percentage,,,
1611,   meat,,,
1612,   funny,,,
1613,   neither,,,
1614,   soil,,,
1615,   surgery,,,
1616,   correct,,,
1617,   Jewish,,,
1618,   blame,,,
1619,   estimate,,,
1620,   due,,,
1621,   basketball,,,
1622,   golf,,,
1623,   investigate,,,
1624,   crazy,,,
1625,   significantly,,,
1626,   chain,,,
1627,   branch,,,
1628,   combination,,,
1629,   frequently,,,
1630,   governor,,,
1631,   relief,,,
1632,   user,,,
1633,   dad,,,
1634,   kick,,,
1635,   manner,,,
1636,   ancient,,,
1637,   silence,,,
1638,   rating,,,
1639,   golden,,,
1640,   motion,,,
1641,   German,,,
1642,   gender,,,
1643,   solve,,,
1644,   fee,,,
1645,   landscape,,,
1646,   used,,,
1647,   bowl,,,
1648,   equal,,,
1649,   forth,,,
1650,   frame,,,
1651,   typical,,,
1652,   except,,,
1653,   conservative,,,
1654,   eliminate,,,
1655,   host,,,
1656,   hall,,,
1657,   trust,,,
1658,   ocean,,,
1659,   row,,,
1660,   producer,,,
1661,   afford,,,
1662,   meanwhile,,,
1663,   regime,,,
1664,   division,,,
1665,   confirm,,,
1666,   fix,,,
1667,   appeal,,,
1668,   mirror,,,
1669,   tooth,,,
1670,   smart,,,
1671,   length,,,
1672,   entirely,,,
1673,   rely,,,
1674,   topic,,,
1675,   complain,,,
1676,   variable,,,
1677,   telephone,,,
1678,   perception,,,
1679,   attract,,,
1680,   confidence,,,
1681,   bedroom,,,
1682,   secret,,,
1683,   debt,,,
1684,   rare,,,
1685,   tank,,,
1686,   nurse,,,
1687,   coverage,,,
1688,   opposition,,,
1689,   aside,,,
1690,   anywhere,,,
1691,   bond,,,
1692,   pleasure,,,
1693,   master,,,
1694,   era,,,
1695,   requirement,,,
1696,   fun,,,
1697,   expectation,,,
1698,   wing,,,
1699,   separate,,,
1700,   somewhat,,,
1701,   pour,,,
1702,   stir,,,
1703,   judgment,,,
1704,   beer,,,
1705,   reference,,,
1706,   tear,,,
1707,   doubt,,,
1708,   grant,,,
1709,   seriously,,,
1710,   minister,,,
1711,   totally,,,
1712,   hero,,,
1713,   industrial,,,
1714,   cloud,,,
1715,   stretch,,,
1716,   winner,,,
1717,   volume,,,
1718,   seed,,,
1719,   surprised,,,
1720,   fashion,,,
1721,   pepper,,,
1722,   busy,,,
1723,   intervention,,,
1724,   copy,,,
1725,   tip,,,
1726,   cheap,,,
1727,   aim,,,
1728,   cite,,,
1729,   welfare,,,
1730,   vegetable,,,
1731,   gray,,,
1732,   dish,,,
1733,   beach,,,
1734,   improvement,,,
1735,   everywhere,,,
1736,   opening,,,
1737,   overall,,,
1738,   divide,,,
1739,   initial,,,
1740,   terrible,,,
1741,   oppose,,,
1742,   contemporary,,,
1743,   route,,,
1744,   multiple,,,
1745,   essential,,,
1746,   league,,,
1747,   criminal,,,
1748,   careful,,,
1749,   core,,,
1750,   upper,,,
1751,   rush,,,
1752,   necessarily,,,
1753,   specifically,,,
1754,   tired,,,
1755,   employ,,,
1756,   holiday,,,
1757,   vast,,,
1758,   resolution,,,
1759,   household,,,
1760,   fewer,,,
1761,   abortion,,,
1762,   apart,,,
1763,   witness,,,
1764,   match,,,
1765,   barely,,,
1766,   sector,,,
1767,   representative,,,
1768,   beneath,,,
1769,   beside,,,
1770,   incident,,,
1771,   limited,,,
1772,   proud,,,
1773,   flow,,,
1774,   faculty,,,
1775,   increased,,,
1776,   waste,,,
1777,   merely,,,
1778,   mass,,,
1779,   emphasize,,,
1780,   experiment,,,
1781,   definitely,,,
1782,   bomb,,,
1783,   enormous,,,
1784,   tone,,,
1785,   liberal,,,
1786,   massive,,,
1787,   engineer,,,
1788,   wheel,,,
1789,   decline,,,
1790,   invest,,,
1791,   cable,,,
1792,   towards,,,
1793,   expose,,,
1794,   rural,,,
1795,   AIDS,,,
1796,   Jew,,,
1797,   narrow,,,
1798,   cream,,,
1799,   secretary,,,
1800,   gate,,,
1801,   solid,,,
1802,   hill,,,
1803,   typically,,,
1804,   noise,,,
1805,   grass,,,
1806,   unfortunately,,,
1807,   hat,,,
1808,   legislation,,,
1809,   succeed,,,
1810,   celebrate,,,
1811,   achievement,,,
1812,   fishing,,,
1813,   accuse,,,
1814,   useful,,,
1815,   reject,,,
1816,   talent,,,
1817,   taste,,,
1818,   characteristic,,,
1819,   milk,,,
1820,   escape,,,
1821,   cast,,,
1822,   sentence,,,
1823,   unusual,,,
1824,   closely,,,
1825,   convince,,,
1826,   height,,,
1827,   physician,,,
1828,   assess,,,
1829,   plenty,,,
1830,   virtually,,,
1831,   addition,,,
1832,   sharp,,,
1833,   creative,,,
1834,   lower,,,
1835,   approve,,,
1836,   explanation,,,
1837,   gay,,,
1838,   campus,,,
1839,   proper,,,
1840,   guilty,,,
1841,   acquire,,,
1842,   compete,,,
1843,   technical,,,
1844,   plus,,,
1845,   immigrant,,,
1846,   weak,,,
1847,   illegal,,,
1848,   hi,,,
1849,   alternative,,,
1850,   interaction,,,
1851,   column,,,
1852,   personality,,,
1853,   signal,,,
1854,   curriculum,,,
1855,   honor,,,
1856,   passenger,,,
1857,   assistance,,,
1858,   forever,,,
1859,   regard,,,
1860,   Israeli,,,
1861,   association,,,
1862,   twenty,,,
1863,   knock,,,
1864,   wrap,,,
1865,   lab,,,
1866,   display,,,
1867,   criticism,,,
1868,   asset,,,
1869,   depression,,,
1870,   spiritual,,,
1871,   musical,,,
1872,   journalist,,,
1873,   prayer,,,
1874,   suspect,,,
1875,   scholar,,,
1876,   warning,,,
1877,   climate,,,
1878,   cheese,,,
1879,   observation,,,
1880,   childhood,,,
1881,   payment,,,
1882,   sir,,,
1883,   permit,,,
1884,   cigarette,,,
1885,   definition,,,
1886,   priority,,,
1887,   bread,,,
1888,   creation,,,
1889,   graduate,,,
1890,   request,,,
1891,   emotion,,,
1892,   scream,,,
1893,   dramatic,,,
1894,   universe,,,
1895,   gap,,,
1896,   excellent,,,
1897,   deeply,,,
1898,   prosecutor,,,
1899,   lucky,,,
1900,   drag,,,
1901,   airline,,,
1902,   library,,,
1903,   agenda,,,
1904,   recover,,,
1905,   factory,,,
1906,   selection,,,
1907,   primarily,,,
1908,   roof,,,
1909,   unable,,,
1910,   expense,,,
1911,   initiative,,,
1912,   diet,,,
1913,   arrest,,,
1914,   funding,,,
1915,   therapy,,,
1916,   wash,,,
1917,   schedule,,,
1918,   sad,,,
1919,   brief,,,
1920,   housing,,,
1921,   post,,,
1922,   purchase,,,
1923,   existing,,,
1924,   steel,,,
1925,   regarding,,,
1926,   shout,,,
1927,   remaining,,,
1928,   visual,,,
1929,   fairly,,,
1930,   chip,,,
1931,   violent,,,
1932,   silent,,,
1933,   suppose,,,
1934,   self,,,
1935,   bike,,,
1936,   tea,,,
1937,   perceive,,,
1938,   comparison,,,
1939,   settlement,,,
1940,   layer,,,
1941,   planning,,,
1942,   description,,,
1943,   slide,,,
1944,   widely,,,
1945,   wedding,,,
1946,   inform,,,
1947,   portion,,,
1948,   territory,,,
1949,   immediate,,,
1950,   opponent,,,
1951,   abandon,,,
1952,   lake,,,
1953,   transform,,,
1954,   tension,,,
1955,   leading,,,
1956,   bother,,,
1957,   consist,,,
1958,   alcohol,,,
1959,   enable,,,
1960,   bend,,,
1961,   saving,,,
1962,   desert,,,
1963,   shall,,,
1964,   error,,,
1965,   cop,,,
1966,   Arab,,,
1967,   double,,,
1968,   sand,,,
1969,   Spanish,,,
1970,   print,,,
1971,   preserve,,,
1972,   passage,,,
1973,   formal,,,
1974,   transition,,,
1975,   existence,,,
1976,   album,,,
1977,   participation,,,
1978,   arrange,,,
1979,   atmosphere,,,
1980,   joint,,,
1981,   reply,,,
1982,   cycle,,,
1983,   opposite,,,
1984,   lock,,,
1985,   deserve,,,
1986,   consistent,,,
1987,   resistance,,,
1988,   discovery,,,
1989,   exposure,,,
1990,   pose,,,
1991,   stream,,,
1992,   sale,,,
1993,   pot,,,
1994,   grand,,,
1995,   mine,,,
1996,   hello,,,
1997,   coalition,,,
1998,   tale,,,
1999,   knife,,,
2000,   resolve,,,
2001,   racial,,,
2002,   phase,,,
2003,   joke,,,
2004,   coat,,,
2005,   Mexican,,,
2006,   symptom,,,
2007,   manufacturer,,,
2008,   philosophy,,,
2009,   potato,,,
2010,   foundation,,,
2011,   quote,,,
2012,   online,,,
2013,   negotiation,,,
2014,   urge,,,
2015,   occasion,,,
2016,   dust,,,
2017,   breathe,,,
2018,   elect,,,
2019,   investigator,,,
2020,   jacket,,,
2021,   glad,,,
2022,   ordinary,,,
2023,   reduction,,,
2024,   rarely,,,
2025,   pack,,,
2026,   suicide,,,
2027,   numerous,,,
2028,   substance,,,
2029,   discipline,,,
2030,   elsewhere,,,
2031,   iron,,,
2032,   practical,,,
2033,   moreover,,,
2034,   passion,,,
2035,   volunteer,,,
2036,   implement,,,
2037,   essentially,,,
2038,   gene,,,
2039,   enforcement,,,
2040,   vs,,,
2041,   sauce,,,
2042,   independence,,,
2043,   marketing,,,
2044,   priest,,,
2045,   amazing,,,
2046,   intense,,,
2047,   advance,,,
2048,   employer,,,
2049,   shock,,,
2050,   inspire,,,
2051,   adjust,,,
2052,   retire,,,
2053,   visible,,,
2054,   kiss,,,
2055,   illness,,,
2056,   cap,,,
2057,   habit,,,
2058,   competitive,,,
2059,   juice,,,
2060,   congressional,,,
2061,   involvement,,,
2062,   dominate,,,
2063,   previously,,,
2064,   whenever,,,
2065,   transfer,,,
2066,   analyze,,,
2067,   attach,,,
2068,   disaster,,,
2069,   parking,,,
2070,   prospect,,,
2071,   boss,,,
2072,   complaint,,,
2073,   championship,,,
2074,   fundamental,,,
2075,   severe,,,
2076,   enhance,,,
2077,   mystery,,,
2078,   impose,,,
2079,   poverty,,,
2080,   entry,,,
2081,   spending,,,
2082,   king,,,
2083,   evaluate,,,
2084,   symbol,,,
2085,   maker,,,
2086,   mood,,,
2087,   accomplish,,,
2088,   emphasis,,,
2089,   illustrate,,,
2090,   boot,,,
2091,   monitor,,,
2092,   Asian,,,
2093,   entertainment,,,
2094,   bean,,,
2095,   evaluation,,,
2096,   creature,,,
2097,   commander,,,
2098,   digital,,,
2099,   arrangement,,,
2100,   concentrate,,,
2101,   usual,,,
2102,   anger,,,
2103,   psychological,,,
2104,   heavily,,,
2105,   peak,,,
2106,   approximately,,,
2107,   increasing,,,
2108,   disorder,,,
2109,   missile,,,
2110,   equally,,,
2111,   vary,,,
2112,   wire,,,
2113,   round,,,
2114,   distribution,,,
2115,   transportation,,,
2116,   holy,,,
2117,   twin,,,
2118,   command,,,
2119,   commission,,,
2120,   interpretation,,,
2121,   breakfast,,,
2122,   strongly,,,
2123,   engineering,,,
2124,   luck,,,
2125,   so-called,,,
2126,   constant,,,
2127,   clinic,,,
2128,   veteran,,,
2129,   smell,,,
2130,   tablespoon,,,
2131,   capable,,,
2132,   nervous,,,
2133,   tourist,,,
2134,   toss,,,
2135,   crucial,,,
2136,   bury,,,
2137,   pray,,,
2138,   tomato,,,
2139,   exception,,,
2140,   butter,,,
2141,   deficit,,,
2142,   bathroom,,,
2143,   objective,,,
2144,   electronic,,,
2145,   ally,,,
2146,   journey,,,
2147,   reputation,,,
2148,   mixture,,,
2149,   surely,,,
2150,   tower,,,
2151,   smoke,,,
2152,   confront,,,
2153,   pure,,,
2154,   glance,,,
2155,   dimension,,,
2156,   toy,,,
2157,   prisoner,,,
2158,   fellow,,,
2159,   smooth,,,
2160,   nearby,,,
2161,   peer,,,
2162,   designer,,,
2163,   personnel,,,
2164,   educator,,,
2165,   relative,,,
2166,   immigration,,,
2167,   belt,,,
2168,   teaspoon,,,
2169,   birthday,,,
2170,   implication,,,
2171,   perfectly,,,
2172,   coast,,,
2173,   supporter,,,
2174,   accompany,,,
2175,   silver,,,
2176,   teenager,,,
2177,   recognition,,,
2178,   retirement,,,
2179,   flag,,,
2180,   recovery,,,
2181,   whisper,,,
2182,   gentleman,,,
2183,   corn,,,
2184,   moon,,,
2185,   inner,,,
2186,   junior,,,
2187,   throat,,,
2188,   salary,,,
2189,   swing,,,
2190,   observer,,,
2191,   publication,,,
2192,   crop,,,
2193,   dig,,,
2194,   permanent,,,
2195,   phenomenon,,,
2196,   anxiety,,,
2197,   unlike,,,
2198,   wet,,,
2199,   literally,,,
2200,   resist,,,
2201,   convention,,,
2202,   embrace,,,
2203,   assist,,,
2204,   exhibition,,,
2205,   construct,,,
2206,   viewer,,,
2207,   pan,,,
2208,   consultant,,,
2209,   administrator,,,
2210,   occasionally,,,
2211,   mayor,,,
2212,   consideration,,,
2213,   CEO,,,
2214,   secure,,,
2215,   pink,,,
2216,   buck,,,
2217,   historic,,,
2218,   poem,,,
2219,   grandmother,,,
2220,   bind,,,
2221,   fifth,,,
2222,   constantly,,,
2223,   enterprise,,,
2224,   favor,,,
2225,   testing,,,
2226,   stomach,,,
2227,   apparent,,,
2228,   weigh,,,
2229,   install,,,
2230,   sensitive,,,
2231,   suggestion,,,
2232,   mail,,,
2233,   recipe,,,
2234,   reasonable,,,
2235,   preparation,,,
2236,   wooden,,,
2237,   elementary,,,
2238,   concert,,,
2239,   aggressive,,,
2240,   false,,,
2241,   intention,,,
2242,   channel,,,
2243,   extreme,,,
2244,   tube,,,
2245,   drawing,,,
2246,   protein,,,
2247,   quit,,,
2248,   absence,,,
2249,   Latin,,,
2250,   rapidly,,,
2251,   jail,,,
2252,   diversity,,,
2253,   honest,,,
2254,   Palestinian,,,
2255,   pace,,,
2256,   employment,,,
2257,   speaker,,,
2258,   impression,,,
2259,   essay,,,
2260,   respondent,,,
2261,   giant,,,
2262,   cake,,,
2263,   historian,,,
2264,   negotiate,,,
2265,   restore,,,
2266,   substantial,,,
2267,   pop,,,
2268,   specialist,,,
2269,   origin,,,
2270,   approval,,,
2271,   quietly,,,
2272,   advise,,,
2273,   conventional,,,
2274,   depth,,,
2275,   wealth,,,
2276,   disability,,,
2277,   shell,,,
2278,   criticize,,,
2279,   effectively,,,
2280,   biological,,,
2281,   onion,,,
2282,   deputy,,,
2283,   flat,,,
2284,   brand,,,
2285,   assure,,,
2286,   mad,,,
2287,   award,,,
2288,   criteria,,,
2289,   dealer,,,
2290,   via,,,
2291,   utility,,,
2292,   precisely,,,
2293,   arise,,,
2294,   armed,,,
2295,   nevertheless,,,
2296,   highway,,,
2297,   clinical,,,
2298,   routine,,,
2299,   wage,,,
2300,   normally,,,
2301,   phrase,,,
2302,   ingredient,,,
2303,   stake,,,
2304,   Muslim,,,
2305,   fiber,,,
2306,   activist,,,
2307,   Islamic,,,
2308,   snap,,,
2309,   terrorism,,,
2310,   refugee,,,
2311,   incorporate,,,
2312,   hip,,,
2313,   ultimate,,,
2314,   switch,,,
2315,   corporation,,,
2316,   valuable,,,
2317,   assumption,,,
2318,   gear,,,
2319,   barrier,,,
2320,   minor,,,
2321,   provision,,,
2322,   killer,,,
2323,   assign,,,
2324,   gang,,,
2325,   developing,,,
2326,   classic,,,
2327,   chemical,,,
2328,   label,,,
2329,   teen,,,
2330,   index,,,
2331,   vacation,,,
2332,   advocate,,,
2333,   draft,,,
2334,   extraordinary,,,
2335,   heaven,,,
2336,   rough,,,
2337,   yell,,,
2338,   pregnant,,,
2339,   distant,,,
2340,   drama,,,
2341,   satellite,,,
2342,   personally,,,
2343,   clock,,,
2344,   chocolate,,,
2345,   Italian,,,
2346,   Canadian,,,
2347,   ceiling,,,
2348,   sweep,,,
2349,   advertising,,,
2350,   universal,,,
2351,   spin,,,
2352,   button,,,
2353,   bell,,,
2354,   rank,,,
2355,   darkness,,,
2356,   clothing,,,
2357,   super,,,
2358,   yield,,,
2359,   fence,,,
2360,   portrait,,,
2361,   survival,,,
2362,   roughly,,,
2363,   lawsuit,,,
2364,   testimony,,,
2365,   bunch,,,
2366,   found,,,
2367,   burden,,,
2368,   react,,,
2369,   chamber,,,
2370,   furniture,,,
2371,   cooperation,,,
2372,   string,,,
2373,   ceremony,,,
2374,   communicate,,,
2375,   cheek,,,
2376,   lost,,,
2377,   profile,,,
2378,   mechanism,,,
2379,   disagree,,,
2380,   penalty,,,
2381,   ie,,,
2382,   resort,,,
2383,   destruction,,,
2384,   unlikely,,,
2385,   tissue,,,
2386,   constitutional,,,
2387,   pant,,,
2388,   stranger,,,
2389,   infection,,,
2390,   cabinet,,,
2391,   broken,,,
2392,   apple,,,
2393,   electric,,,
2394,   proceed,,,
2395,   bet,,,
2396,   literary,,,
2397,   virus,,,
2398,   stupid,,,
2399,   dispute,,,
2400,   fortune,,,
2401,   strategic,,,
2402,   assistant,,,
2403,   overcome,,,
2404,   remarkable,,,
2405,   occupy,,,
2406,   statistics,,,
2407,   shopping,,,
2408,   cousin,,,
2409,   encounter,,,
2410,   wipe,,,
2411,   initially,,,
2412,   blind,,,
2413,   port,,,
2414,   electricity,,,
2415,   genetic,,,
2416,   adviser,,,
2417,   spokesman,,,
2418,   retain,,,
2419,   latter,,,
2420,   incentive,,,
2421,   slave,,,
2422,   translate,,,
2423,   accurate,,,
2424,   whereas,,,
2425,   terror,,,
2426,   expansion,,,
2427,   elite,,,
2428,   Olympic,,,
2429,   dirt,,,
2430,   odd,,,
2431,   rice,,,
2432,   bullet,,,
2433,   tight,,,
2434,   Bible,,,
2435,   chart,,,
2436,   solar,,,
2437,   square,,,
2438,   concentration,,,
2439,   complicated,,,
2440,   gently,,,
2441,   champion,,,
2442,   scenario,,,
2443,   telescope,,,
2444,   reflection,,,
2445,   revolution,,,
2446,   strip,,,
2447,   interpret,,,
2448,   friendly,,,
2449,   tournament,,,
2450,   fiction,,,
2451,   detect,,,
2452,   tremendous,,,
2453,   lifetime,,,
2454,   recommendation,,,
2455,   senator,,,
2456,   hunting,,,
2457,   salad,,,
2458,   guarantee,,,
2459,   innocent,,,
2460,   boundary,,,
2461,   pause,,,
2462,   remote,,,
2463,   satisfaction,,,
2464,   journal,,,
2465,   bench,,,
2466,   lover,,,
2467,   raw,,,
2468,   awareness,,,
2469,   surprising,,,
2470,   withdraw,,,
2471,   deck,,,
2472,   similarly,,,
2473,   newly,,,
2474,   pole,,,
2475,   testify,,,
2476,   mode,,,
2477,   dialogue,,,
2478,   imply,,,
2479,   naturally,,,
2480,   mutual,,,
2481,   founder,,,
2482,   advanced,,,
2483,   pride,,,
2484,   dismiss,,,
2485,   aircraft,,,
2486,   delivery,,,
2487,   mainly,,,
2488,   bake,,,
2489,   freeze,,,
2490,   platform,,,
2491,   finance,,,
2492,   sink,,,
2493,   attractive,,,
2494,   diverse,,,
2495,   relevant,,,
2496,   ideal,,,
2497,   joy,,,
2498,   regularly,,,
2499,   working,,,
2500,   singer,,,
2501,   evolve,,,
2502,   shooting,,,
2503,   partly,,,
2504,   unknown,,,
2505,   offense,,,
2506,   counter,,,
2507,   DNA,,,
2508,   potentially,,,
2509,   thirty,,,
2510,   justify,,,
2511,   protest,,,
2512,   crash,,,
2513,   craft,,,
2514,   treaty,,,
2515,   terrorist,,,
2516,   insight,,,
2517,   possess,,,
2518,   politically,,,
2519,   tap,,,
2520,   extensive,,,
2521,   episode,,,
2522,   swim,,,
2523,   tire,,,
2524,   fault,,,
2525,   loose,,,
2526,   shortly,,,
2527,   originally,,,
2528,   considerable,,,
2529,   prior,,,
2530,   intellectual,,,
2531,   assault,,,
2532,   relax,,,
2533,   stair,,,
2534,   adventure,,,
2535,   external,,,
2536,   proof,,,
2537,   confident,,,
2538,   headquarters,,,
2539,   sudden,,,
2540,   dirty,,,
2541,   violation,,,
2542,   tongue,,,
2543,   license,,,
2544,   shelter,,,
2545,   rub,,,
2546,   controversy,,,
2547,   entrance,,,
2548,   properly,,,
2549,   fade,,,
2550,   defensive,,,
2551,   tragedy,,,
2552,   net,,,
2553,   characterize,,,
2554,   funeral,,,
2555,   profession,,,
2556,   alter,,,
2557,   constitute,,,
2558,   establishment,,,
2559,   squeeze,,,
2560,   imagination,,,
2561,   mask,,,
2562,   convert,,,
2563,   comprehensive,,,
2564,   prominent,,,
2565,   presentation,,,
2566,   regardless,,,
2567,   load,,,
2568,   stable,,,
2569,   introduction,,,
2570,   pretend,,,
2571,   elderly,,,
2572,   representation,,,
2573,   deer,,,
2574,   split,,,
2575,   violate,,,
2576,   partnership,,,
2577,   pollution,,,
2578,   emission,,,
2579,   steady,,,
2580,   vital,,,
2581,   fate,,,
2582,   earnings,,,
2583,   oven,,,
2584,   distinction,,,
2585,   segment,,,
2586,   nowhere,,,
2587,   poet,,,
2588,   mere,,,
2589,   exciting,,,
2590,   variation,,,
2591,   comfort,,,
2592,   radical,,,
2593,   adapt,,,
2594,   Irish,,,
2595,   honey,,,
2596,   correspondent,,,
2597,   pale,,,
2598,   musician,,,
2599,   significance,,,
2600,   vessel,,,
2601,   storage,,,
2602,   flee,,,
2603,   mm-hmm,,,
2604,   leather,,,
2605,   distribute,,,
2606,   evolution,,,
2607,   ill,,,
2608,   tribe,,,
2609,   shelf,,,
2610,   grandfather,,,
2611,   lawn,,,
2612,   buyer,,,
2613,   dining,,,
2614,   wisdom,,,
2615,   council,,,
2616,   vulnerable,,,
2617,   instance,,,
2618,   garlic,,,
2619,   capability,,,
2620,   poetry,,,
2621,   celebrity,,,
2622,   gradually,,,
2623,   stability,,,
2624,   fantasy,,,
2625,   scared,,,
2626,   plot,,,
2627,   framework,,,
2628,   gesture,,,
2629,   depending,,,
2630,   ongoing,,,
2631,   psychology,,,
2632,   counselor,,,
2633,   chapter,,,
2634,   divorce,,,
2635,   owe,,,
2636,   pipe,,,
2637,   athletic,,,
2638,   slight,,,
2639,   math,,,
2640,   shade,,,
2641,   tail,,,
2642,   sustain,,,
2643,   mount,,,
2644,   obligation,,,
2645,   angle,,,
2646,   palm,,,
2647,   differ,,,
2648,   custom,,,
2649,   economist,,,
2650,   fifteen,,,
2651,   soup,,,
2652,   celebration,,,
2653,   efficient,,,
2654,   composition,,,
2655,   satisfy,,,
2656,   pile,,,
2657,   briefly,,,
2658,   carbon,,,
2659,   closer,,,
2660,   consume,,,
2661,   scheme,,,
2662,   crack,,,
2663,   frequency,,,
2664,   tobacco,,,
2665,   survivor,,,
2666,   besides,,,
2667,   psychologist,,,
2668,   wealthy,,,
2669,   galaxy,,,
2670,   given,,,
2671,   ski,,,
2672,   limitation,,,
2673,   trace,,,
2674,   appointment,,,
2675,   preference,,,
2676,   meter,,,
2677,   explosion,,,
2678,   publicly,,,
2679,   incredible,,,
2680,   fighter,,,
2681,   rapid,,,
2682,   admission,,,
2683,   hunter,,,
2684,   educate,,,
2685,   painful,,,
2686,   friendship,,,
2687,   aide,,,
2688,   infant,,,
2689,   calculate,,,
2690,   fifty,,,
2691,   rid,,,
2692,   porch,,,
2693,   tendency,,,
2694,   uniform,,,
2695,   formation,,,
2696,   scholarship,,,
2697,   reservation,,,
2698,   efficiency,,,
2699,   qualify,,,
2700,   mall,,,
2701,   derive,,,
2702,   scandal,,,
2703,   PC,,,
2704,   helpful,,,
2705,   impress,,,
2706,   heel,,,
2707,   resemble,,,
2708,   privacy,,,
2709,   fabric,,,
2710,   contest,,,
2711,   proportion,,,
2712,   guideline,,,
2713,   rifle,,,
2714,   maintenance,,,
2715,   conviction,,,
2716,   trick,,,
2717,   organic,,,
2718,   tent,,,
2719,   examination,,,
2720,   publisher,,,
2721,   strengthen,,,
2722,   proposed,,,
2723,   myth,,,
2724,   sophisticated,,,
2725,   cow,,,
2726,   etc,,,
2727,   standing,,,
2728,   asleep,,,
2729,   tennis,,,
2730,   nerve,,,
2731,   barrel,,,
2732,   bombing,,,
2733,   membership,,,
2734,   ratio,,,
2735,   menu,,,
2736,   controversial,,,
2737,   desperate,,,
2738,   lifestyle,,,
2739,   humor,,,
2740,   loud,,,
2741,   glove,,,
2742,   sufficient,,,
2743,   narrative,,,
2744,   photographer,,,
2745,   helicopter,,,
2746,   modest,,,
2747,   provider,,,
2748,   delay,,,
2749,   agricultural,,,
2750,   explode,,,
2751,   stroke,,,
2752,   scope,,,
2753,   punishment,,,
2754,   handful,,,
2755,   badly,,,
2756,   horizon,,,
2757,   curious,,,
2758,   downtown,,,
2759,   girlfriend,,,
2760,   prompt,,,
2761,   cholesterol,,,
2762,   absorb,,,
2763,   adjustment,,,
2764,   taxpayer,,,
2765,   eager,,,
2766,   principal,,,
2767,   detailed,,,
2768,   motivation,,,
2769,   assignment,,,
2770,   restriction,,,
2771,   laboratory,,,
2772,   workshop,,,
2773,   differently,,,
2774,   auto,,,
2775,   romantic,,,
2776,   cotton,,,
2777,   motor,,,
2778,   sue,,,
2779,   flavor,,,
2780,   overlook,,,
2781,   float,,,
2782,   undergo,,,
2783,   sequence,,,
2784,   demonstration,,,
2785,   jet,,,
2786,   orange,,,
2787,   consumption,,,
2788,   assert,,,
2789,   blade,,,
2790,   temporary,,,
2791,   medication,,,
2792,   cabin,,,
2793,   bite,,,
2794,   edition,,,
2795,   valley,,,
2796,   yours,,,
2797,   pitch,,,
2798,   pine,,,
2799,   brilliant,,,
2800,   versus,,,
2801,   manufacturing,,,
2802,   absolute,,,
2803,   chef,,,
2804,   discrimination,,,
2805,   offensive,,,
2806,   boom,,,
2807,   register,,,
2808,   appoint,,,
2809,   heritage,,,
2810,   God,,,
2811,   dominant,,,
2812,   successfully,,,
2813,   shit,,,
2814,   lemon,,,
2815,   hungry,,,
2816,   wander,,,
2817,   submit,,,
2818,   economics,,,
2819,   naked,,,
2820,   anticipate,,,
2821,   nut,,,
2822,   legacy,,,
2823,   extension,,,
2824,   shrug,,,
2825,   battery,,,
2826,   arrival,,,
2827,   legitimate,,,
2828,   orientation,,,
2829,   inflation,,,
2830,   cope,,,
2831,   flame,,,
2832,   cluster,,,
2833,   wound,,,
2834,   dependent,,,
2835,   shower,,,
2836,   institutional,,,
2837,   depict,,,
2838,   operating,,,
2839,   flesh,,,
2840,   garage,,,
2841,   operator,,,
2842,   instructor,,,
2843,   collapse,,,
2844,   borrow,,,
2845,   furthermore,,,
2846,   comedy,,,
2847,   mortgage,,,
2848,   sanction,,,
2849,   civilian,,,
2850,   twelve,,,
2851,   weekly,,,
2852,   habitat,,,
2853,   grain,,,
2854,   brush,,,
2855,   consciousness,,,
2856,   devote,,,
2857,   measurement,,,
2858,   province,,,
2859,   ease,,,
2860,   seize,,,
2861,   ethics,,,
2862,   nomination,,,
2863,   permission,,,
2864,   wise,,,
2865,   actress,,,
2866,   summit,,,
2867,   acid,,,
2868,   odds,,,
2869,   gifted,,,
2870,   frustration,,,
2871,   medium,,,
2872,   physically,,,
2873,   distinguish,,,
2874,   shore,,,
2875,   repeatedly,,,
2876,   lung,,,
2877,   running,,,
2878,   distinct,,,
2879,   artistic,,,
2880,   discourse,,,
2881,   basket,,,
2882,   ah,,,
2883,   fighting,,,
2884,   impressive,,,
2885,   competitor,,,
2886,   ugly,,,
2887,   worried,,,
2888,   portray,,,
2889,   powder,,,
2890,   ghost,,,
2891,   persuade,,,
2892,   moderate,,,
2893,   subsequent,,,
2894,   continued,,,
2895,   cookie,,,
2896,   carrier,,,
2897,   cooking,,,
2898,   frequent,,,
2899,   ban,,,
2900,   awful,,,
2901,   admire,,,
2902,   pet,,,
2903,   miracle,,,
2904,   exceed,,,
2905,   rhythm,,,
2906,   widespread,,,
2907,   killing,,,
2908,   lovely,,,
2909,   sin,,,
2910,   charity,,,
2911,   script,,,
2912,   tactic,,,
2913,   identification,,,
2914,   transformation,,,
2915,   everyday,,,
2916,   headline,,,
2917,   venture,,,
2918,   invasion,,,
2919,   nonetheless,,,
2920,   adequate,,,
2921,   piano,,,
2922,   grocery,,,
2923,   intensity,,,
2924,   exhibit,,,
2925,   blanket,,,
2926,   margin,,,
2927,   quarterback,,,
2928,   mouse,,,
2929,   rope,,,
2930,   concrete,,,
2931,   prescription,,,
2932,   African-American,,,
2933,   chase,,,
2934,   brick,,,
2935,   recruit,,,
2936,   patch,,,
2937,   consensus,,,
2938,   horror,,,
2939,   recording,,,
2940,   changing,,,
2941,   painter,,,
2942,   colonial,,,
2943,   pie,,,
2944,   sake,,,
2945,   gaze,,,
2946,   courage,,,
2947,   pregnancy,,,
2948,   swear,,,
2949,   defeat,,,
2950,   clue,,,
2951,   reinforce,,,
2952,   confusion,,,
2953,   slice,,,
2954,   occupation,,,
2955,   dear,,,
2956,   coal,,,
2957,   sacred,,,
2958,   formula,,,
2959,   cognitive,,,
2960,   collective,,,
2961,   exact,,,
2962,   uncle,,,
2963,   captain,,,
2964,   sigh,,,
2965,   attribute,,,
2966,   dare,,,
2967,   homeless,,,
2968,   gallery,,,
2969,   soccer,,,
2970,   defendant,,,
2971,   tunnel,,,
2972,   fitness,,,
2973,   lap,,,
2974,   grave,,,
2975,   toe,,,
2976,   container,,,
2977,   virtue,,,
2978,   abroad,,,
2979,   architect,,,
2980,   dramatically,,,
2981,   makeup,,,
2982,   inquiry,,,
2983,   rose,,,
2984,   surprisingly,,,
2985,   highlight,,,
2986,   decrease,,,
2987,   indication,,,
2988,   rail,,,
2989,   anniversary,,,
2990,   couch,,,
2991,   alliance,,,
2992,   hypothesis,,,
2993,   boyfriend,,,
2994,   compose,,,
2995,   mess,,,
2996,   legend,,,
2997,   regulate,,,
2998,   adolescent,,,
2999,   shine,,,
3000,   norm,,,
3001,   upset,,,
3002,   remark,,,
3003,   resign,,,
3004,   reward,,,
3005,   gentle,,,
3006,   related,,,
3007,   organ,,,
3008,   lightly,,,
3009,   concerning,,,
3010,   invent,,,
3011,   laughter,,,
3012,   northwest,,,
3013,   counseling,,,
3014,   receiver,,,
3015,   ritual,,,
3016,   insect,,,
3017,   interrupt,,,
3018,   salmon,,,
3019,   trading,,,
3020,   magic,,,
3021,   superior,,,
3022,   combat,,,
3023,   stem,,,
3024,   surgeon,,,
3025,   acceptable,,,
3026,   physics,,,
3027,   rape,,,
3028,   counsel,,,
3029,   jeans,,,
3030,   hunt,,,
3031,   continuous,,,
3032,   log,,,
3033,   echo,,,
3034,   pill,,,
3035,   excited,,,
3036,   sculpture,,,
3037,   compound,,,
3038,   integrate,,,
3039,   flour,,,
3040,   bitter,,,
3041,   bare,,,
3042,   slope,,,
3043,   rent,,,
3044,   presidency,,,
3045,   serving,,,
3046,   subtle,,,
3047,   greatly,,,
3048,   bishop,,,
3049,   drinking,,,
3050,   acceptance,,,
3051,   pump,,,
3052,   candy,,,
3053,   evil,,,
3054,   pleased,,,
3055,   medal,,,
3056,   beg,,,
3057,   sponsor,,,
3058,   ethical,,,
3059,   secondary,,,
3060,   slam,,,
3061,   export,,,
3062,   experimental,,,
3063,   melt,,,
3064,   midnight,,,
3065,   curve,,,
3066,   integrity,,,
3067,   entitle,,,
3068,   evident,,,
3069,   logic,,,
3070,   essence,,,
3071,   exclude,,,
3072,   harsh,,,
3073,   closet,,,
3074,   suburban,,,
3075,   greet,,,
3076,   interior,,,
3077,   corridor,,,
3078,   retail,,,
3079,   pitcher,,,
3080,   march,,,
3081,   snake,,,
3082,   excuse,,,
3083,   weakness,,,
3084,   pig,,,
3085,   classical,,,
3086,   estimated,,,
3087,   T-shirt,,,
3088,   unemployment,,,
3089,   civilization,,,
3090,   fold,,,
3091,   reverse,,,
3092,   missing,,,
3093,   correlation,,,
3094,   humanity,,,
3095,   flash,,,
3096,   developer,,,
3097,   reliable,,,
3098,   excitement,,,
3099,   beef,,,
3100,   Islam,,,
3101,   Roman,,,
3102,   architecture,,,
3103,   occasional,,,
3104,   administrative,,,
3105,   elbow,,,
3106,   deadly,,,
3107,   Hispanic,,,
3108,   allegation,,,
3109,   confuse,,,
3110,   airplane,,,
3111,   monthly,,,
3112,   duck,,,
3113,   dose,,,
3114,   Korean,,,
3115,   plead,,,
3116,   initiate,,,
3117,   lecture,,,
3118,   van,,,
3119,   sixth,,,
3120,   bay,,,
3121,   mainstream,,,
3122,   suburb,,,
3123,   sandwich,,,
3124,   trunk,,,
3125,   rumor,,,
3126,   implementation,,,
3127,   swallow,,,
3128,   motivate,,,
3129,   render,,,
3130,   longtime,,,
3131,   trap,,,
3132,   restrict,,,
3133,   cloth,,,
3134,   seemingly,,,
3135,   legislative,,,
3136,   effectiveness,,,
3137,   enforce,,,
3138,   lens,,,
3139,   inspector,,,
3140,   lend,,,
3141,   plain,,,
3142,   fraud,,,
3143,   companion,,,
3144,   contend,,,
3145,   nail,,,
3146,   array,,,
3147,   strict,,,
3148,   assemble,,,
3149,   frankly,,,
3150,   rat,,,
3151,   burst,,,
3152,   hallway,,,
3153,   cave,,,
3154,   inevitable,,,
3155,   southwest,,,
3156,   monster,,,
3157,   unexpected,,,
3158,   obstacle,,,
3159,   facilitate,,,
3160,   rip,,,
3161,   herb,,,
3162,   overwhelming,,,
3163,   integration,,,
3164,   crystal,,,
3165,   recession,,,
3166,   written,,,
3167,   motive,,,
3168,   flood,,,
3169,   pen,,,
3170,   ownership,,,
3171,   nightmare,,,
3172,   inspection,,,
3173,   supervisor,,,
3174,   consult,,,
3175,   arena,,,
3176,   diagnosis,,,
3177,   possession,,,
3178,   forgive,,,
3179,   consistently,,,
3180,   basement,,,
3181,   drift,,,
3182,   drain,,,
3183,   prosecution,,,
3184,   maximum,,,
3185,   announcement,,,
3186,   warrior,,,
3187,   prediction,,,
3188,   bacteria,,,
3189,   questionnaire,,,
3190,   mud,,,
3191,   infrastructure,,,
3192,   hurry,,,
3193,   privilege,,,
3194,   temple,,,
3195,   outdoor,,,
3196,   suck,,,
3197,   and/or,,,
3198,   broadcast,,,
3199,   re,,,
3200,   leap,,,
3201,   random,,,
3202,   wrist,,,
3203,   curtain,,,
3204,   pond,,,
3205,   domain,,,
3206,   guilt,,,
3207,   cattle,,,
3208,   walking,,,
3209,   playoff,,,
3210,   minimum,,,
3211,   fiscal,,,
3212,   skirt,,,
3213,   dump,,,
3214,   hence,,,
3215,   database,,,
3216,   uncomfortable,,,
3217,   execute,,,
3218,   limb,,,
3219,   ideology,,,
3220,   tune,,,
3221,   continuing,,,
3222,   harm,,,
3223,   railroad,,,
3224,   endure,,,
3225,   radiation,,,
3226,   horn,,,
3227,   chronic,,,
3228,   peaceful,,,
3229,   innovation,,,
3230,   strain,,,
3231,   guitar,,,
3232,   replacement,,,
3233,   behave,,,
3234,   administer,,,
3235,   simultaneously,,,
3236,   dancer,,,
3237,   amendment,,,
3238,   pad,,,
3239,   transmission,,,
3240,   await,,,
3241,   retired,,,
3242,   trigger,,,
3243,   spill,,,
3244,   grateful,,,
3245,   grace,,,
3246,   virtual,,,
3247,   colony,,,
3248,   adoption,,,
3249,   indigenous,,,
3250,   closed,,,
3251,   convict,,,
3252,   towel,,,
3253,   modify,,,
3254,   particle,,,
3255,   prize,,,
3256,   landing,,,
3257,   boost,,,
3258,   bat,,,
3259,   alarm,,,
3260,   festival,,,
3261,   grip,,,
3262,   weird,,,
3263,   undermine,,,
3264,   freshman,,,
3265,   sweat,,,
3266,   outer,,,
3267,   drunk,,,
3268,   separation,,,
3269,   traditionally,,,
3270,   govern,,,
3271,   southeast,,,
3272,   intelligent,,,
3273,   wherever,,,
3274,   ballot,,,
3275,   rhetoric,,,
3276,   convinced,,,
3277,   driving,,,
3278,   vitamin,,,
3279,   enthusiasm,,,
3280,   accommodate,,,
3281,   praise,,,
3282,   injure,,,
3283,   wilderness,,,
3284,   endless,,,
3285,   mandate,,,
3286,   respectively,,,
3287,   uncertainty,,,
3288,   chaos,,,
3289,   mechanical,,,
3290,   canvas,,,
3291,   forty,,,
3292,   lobby,,,
3293,   profound,,,
3294,   format,,,
3295,   trait,,,
3296,   currency,,,
3297,   turkey,,,
3298,   reserve,,,
3299,   beam,,,
3300,   astronomer,,,
3301,   corruption,,,
3302,   contractor,,,
3303,   apologize,,,
3304,   doctrine,,,
3305,   genuine,,,
3306,   thumb,,,
3307,   unity,,,
3308,   compromise,,,
3309,   horrible,,,
3310,   behavioral,,,
3311,   exclusive,,,
3312,   scatter,,,
3313,   commonly,,,
3314,   convey,,,
3315,   twist,,,
3316,   complexity,,,
3317,   fork,,,
3318,   disk,,,
3319,   relieve,,,
3320,   suspicion,,,
3321,   residence,,,
3322,   shame,,,
3323,   meaningful,,,
3324,   sidewalk,,,
3325,   Olympics,,,
3326,   technological,,,
3327,   signature,,,
3328,   pleasant,,,
3329,   wow,,,
3330,   suspend,,,
3331,   rebel,,,
3332,   frozen,,,
3333,   spouse,,,
3334,   fluid,,,
3335,   pension,,,
3336,   resume,,,
3337,   theoretical,,,
3338,   sodium,,,
3339,   promotion,,,
3340,   delicate,,,
3341,   forehead,,,
3342,   rebuild,,,
3343,   bounce,,,
3344,   electrical,,,
3345,   hook,,,
3346,   detective,,,
3347,   traveler,,,
3348,   click,,,
3349,   compensation,,,
3350,   exit,,,
3351,   attraction,,,
3352,   dedicate,,,
3353,   altogether,,,
3354,   pickup,,,
3355,   carve,,,
3356,   needle,,,
3357,   belly,,,
3358,   scare,,,
3359,   portfolio,,,
3360,   shuttle,,,
3361,   invisible,,,
3362,   timing,,,
3363,   engagement,,,
3364,   ankle,,,
3365,   transaction,,,
3366,   rescue,,,
3367,   counterpart,,,
3368,   historically,,,
3369,   firmly,,,
3370,   mild,,,
3371,   rider,,,
3372,   doll,,,
3373,   noon,,,
3374,   amid,,,
3375,   identical,,,
3376,   precise,,,
3377,   anxious,,,
3378,   structural,,,
3379,   residential,,,
3380,   diagnose,,,
3381,   carbohydrate,,,
3382,   liberty,,,
3383,   poster,,,
3384,   theology,,,
3385,   nonprofit,,,
3386,   crawl,,,
3387,   oxygen,,,
3388,   handsome,,,
3389,   sum,,,
3390,   provided,,,
3391,   businessman,,,
3392,   promising,,,
3393,   conscious,,,
3394,   determination,,,
3395,   donor,,,
3396,   hers,,,
3397,   pastor,,,
3398,   jazz,,,
3399,   opera,,,
3400,   acquisition,,,
3401,   pit,,,
3402,   hug,,,
3403,   wildlife,,,
3404,   punish,,,
3405,   equity,,,
3406,   doorway,,,
3407,   departure,,,
3408,   elevator,,,
3409,   teenage,,,
3410,   guidance,,,
3411,   happiness,,,
3412,   statue,,,
3413,   pursuit,,,
3414,   repair,,,
3415,   decent,,,
3416,   gym,,,
3417,   oral,,,
3418,   clerk,,,
3419,   envelope,,,
3420,   reporting,,,
3421,   destination,,,
3422,   fist,,,
3423,   endorse,,,
3424,   exploration,,,
3425,   generous,,,
3426,   bath,,,
3427,   thereby,,,
3428,   indicator,,,
3429,   sunlight,,,
3430,   feedback,,,
3431,   spectrum,,,
3432,   purple,,,
3433,   laser,,,
3434,   bold,,,
3435,   reluctant,,,
3436,   starting,,,
3437,   expertise,,,
3438,   practically,,,
3439,   eating,,,
3440,   hint,,,
3441,   sharply,,,
3442,   parade,,,
3443,   realm,,,
3444,   cancel,,,
3445,   blend,,,
3446,   therapist,,,
3447,   peel,,,
3448,   pizza,,,
3449,   recipient,,,
3450,   hesitate,,,
3451,   flip,,,
3452,   accounting,,,
3453,   bias,,,
3454,   huh,,,
3455,   metaphor,,,
3456,   candle,,,
3457,   judicial,,,
3458,   entity,,,
3459,   suffering,,,
3460,   full-time,,,
3461,   lamp,,,
3462,   garbage,,,
3463,   servant,,,
3464,   regulatory,,,
3465,   diplomatic,,,
3466,   elegant,,,
3467,   reception,,,
3468,   vanish,,,
3469,   automatically,,,
3470,   chin,,,
3471,   necessity,,,
3472,   confess,,,
3473,   racism,,,
3474,   starter,,,
3475,   banking,,,
3476,   casual,,,
3477,   gravity,,,
3478,   enroll,,,
3479,   diminish,,,
3480,   prevention,,,
3481,   minimize,,,
3482,   chop,,,
3483,   performer,,,
3484,   intent,,,
3485,   isolate,,,
3486,   inventory,,,
3487,   productive,,,
3488,   assembly,,,
3489,   civic,,,
3490,   silk,,,
3491,   magnitude,,,
3492,   steep,,,
3493,   hostage,,,
3494,   collector,,,
3495,   popularity,,,
3496,   alien,,,
3497,   dynamic,,,
3498,   scary,,,
3499,   equation,,,
3500,   angel,,,
3501,   offering,,,
3502,   rage,,,
3503,   photography,,,
3504,   toilet,,,
3505,   disappointed,,,
3506,   precious,,,
3507,   prohibit,,,
3508,   realistic,,,
3509,   hidden,,,
3510,   tender,,,
3511,   gathering,,,
3512,   outstanding,,,
3513,   stumble,,,
3514,   lonely,,,
3515,   automobile,,,
3516,   artificial,,,
3517,   dawn,,,
3518,   abstract,,,
3519,   descend,,,
3520,   silly,,,
3521,   tide,,,
3522,   shared,,,
3523,   hopefully,,,
3524,   readily,,,
3525,   cooperate,,,
3526,   revolutionary,,,
3527,   romance,,,
3528,   hardware,,,
3529,   pillow,,,
3530,   kit,,,
3531,   continent,,,
3532,   seal,,,
3533,   circuit,,,
3534,   ruling,,,
3535,   shortage,,,
3536,   annually,,,
3537,   lately,,,
3538,   scan,,,
3539,   fool,,,
3540,   deadline,,,
3541,   rear,,,
3542,   processing,,,
3543,   ranch,,,
3544,   coastal,,,
3545,   undertake,,,
3546,   softly,,,
3547,   burning,,,
3548,   verbal,,,
3549,   tribal,,,
3550,   ridiculous,,,
3551,   automatic,,,
3552,   diamond,,,
3553,   credibility,,,
3554,   import,,,
3555,   sexually,,,
3556,   divine,,,
3557,   sentiment,,,
3558,   cart,,,
3559,   oversee,,,
3560,   elder,,,
3561,   pro,,,
3562,   inspiration,,,
3563,   Dutch,,,
3564,   quantity,,,
3565,   trailer,,,
3566,   mate,,,
3567,   o'clock,,,
3568,   Greek,,,
3569,   genius,,,
3570,   monument,,,
3571,   bid,,,
3572,   quest,,,
3573,   sacrifice,,,
3574,   invitation,,,
3575,   accuracy,,,
3576,   juror,,,
3577,   officially,,,
3578,   broker,,,
3579,   treasure,,,
3580,   loyalty,,,
3581,   talented,,,
3582,   gasoline,,,
3583,   stiff,,,
3584,   output,,,
3585,   nominee,,,
3586,   extended,,,
3587,   diabetes,,,
3588,   slap,,,
3589,   toxic,,,
3590,   alleged,,,
3591,   jaw,,,
3592,   grief,,,
3593,   mysterious,,,
3594,   rocket,,,
3595,   donate,,,
3596,   inmate,,,
3597,   tackle,,,
3598,   dynamics,,,
3599,   bow,,,
3600,   ours,,,
3601,   dignity,,,
3602,   carpet,,,
3603,   parental,,,
3604,   bubble,,,
3605,   buddy,,,
3606,   barn,,,
3607,   sword,,,
3608,   seventh,,,
3609,   glory,,,
3610,   tightly,,,
3611,   protective,,,
3612,   tuck,,,
3613,   drum,,,
3614,   faint,,,
3615,   queen,,,
3616,   dilemma,,,
3617,   input,,,
3618,   specialize,,,
3619,   northeast,,,
3620,   shallow,,,
3621,   liability,,,
3622,   sail,,,
3623,   merchant,,,
3624,   stadium,,,
3625,   improved,,,
3626,   bloody,,,
3627,   associated,,,
3628,   withdrawal,,,
3629,   refrigerator,,,
3630,   nest,,,
3631,   thoroughly,,,
3632,   lane,,,
3633,   ancestor,,,
3634,   condemn,,,
3635,   steam,,,
3636,   accent,,,
3637,   optimistic,,,
3638,   unite,,,
3639,   cage,,,
3640,   equip,,,
3641,   shrimp,,,
3642,   homeland,,,
3643,   rack,,,
3644,   costume,,,
3645,   wolf,,,
3646,   courtroom,,,
3647,   statute,,,
3648,   cartoon,,,
3649,   productivity,,,
3650,   grin,,,
3651,   symbolic,,,
3652,   bug,,,
3653,   bless,,,
3654,   aunt,,,
3655,   agriculture,,,
3656,   hostile,,,
3657,   conceive,,,
3658,   combined,,,
3659,   instantly,,,
3660,   bankruptcy,,,
3661,   vaccine,,,
3662,   bonus,,,
3663,   collaboration,,,
3664,   mixed,,,
3665,   opposed,,,
3666,   orbit,,,
3667,   grasp,,,
3668,   patience,,,
3669,   spite,,,
3670,   tropical,,,
3671,   voting,,,
3672,   patrol,,,
3673,   willingness,,,
3674,   revelation,,,
3675,   calm,,,
3676,   jewelry,,,
3677,   Cuban,,,
3678,   haul,,,
3679,   concede,,,
3680,   wagon,,,
3681,   afterward,,,
3682,   spectacular,,,
3683,   ruin,,,
3684,   sheer,,,
3685,   immune,,,
3686,   reliability,,,
3687,   ass,,,
3688,   alongside,,,
3689,   bush,,,
3690,   exotic,,,
3691,   fascinating,,,
3692,   clip,,,
3693,   thigh,,,
3694,   bull,,,
3695,   drawer,,,
3696,   sheep,,,
3697,   discourage,,,
3698,   coordinator,,,
3699,   ideological,,,
3700,   runner,,,
3701,   secular,,,
3702,   intimate,,,
3703,   empire,,,
3704,   cab,,,
3705,   exam,,,
3706,   documentary,,,
3707,   neutral,,,
3708,   biology,,,
3709,   flexible,,,
3710,   progressive,,,
3711,   web,,,
3712,   conspiracy,,,
3713,   casualty,,,
3714,   republic,,,
3715,   execution,,,
3716,   terrific,,,
3717,   whale,,,
3718,   functional,,,
3719,   instinct,,,
3720,   teammate,,,
3721,   aluminum,,,
3722,   whoever,,,
3723,   ministry,,,
3724,   verdict,,,
3725,   instruct,,,
3726,   skull,,,
3727,   self-esteem,,,
3728,   cooperative,,,
3729,   manipulate,,,
3730,   bee,,,
3731,   practitioner,,,
3732,   loop,,,
3733,   edit,,,
3734,   whip,,,
3735,   puzzle,,,
3736,   mushroom,,,
3737,   subsidy,,,
3738,   boil,,,
3739,   tragic,,,
3740,   mathematics,,,
3741,   mechanic,,,
3742,   jar,,,
3743,   earthquake,,,
3744,   pork,,,
3745,   creativity,,,
3746,   safely,,,
3747,   underlying,,,
3748,   dessert,,,
3749,   sympathy,,,
3750,   fisherman,,,
3751,   incredibly,,,
3752,   isolation,,,
3753,   sock,,,
3754,   eleven,,,
3755,   sexy,,,
3756,   entrepreneur,,,
3757,   syndrome,,,
3758,   bureau,,,
3759,   workplace,,,
3760,   ambition,,,
3761,   touchdown,,,
3762,   utilize,,,
3763,   breeze,,,
3764,   costly,,,
3765,   ambitious,,,
3766,   Christianity,,,
3767,   presumably,,,
3768,   influential,,,
3769,   translation,,,
3770,   uncertain,,,
3771,   dissolve,,,
3772,   statistical,,,
3773,   gut,,,
3774,   metropolitan,,,
3775,   rolling,,,
3776,   aesthetic,,,
3777,   spell,,,
3778,   insert,,,
3779,   booth,,,
3780,   helmet,,,
3781,   waist,,,
3782,   expected,,,
3783,   lion,,,
3784,   accomplishment,,,
3785,   royal,,,
3786,   panic,,,
3787,   crush,,,
3788,   actively,,,
3789,   cliff,,,
3790,   minimal,,,
3791,   cord,,,
3792,   fortunately,,,
3793,   cocaine,,,
3794,   illusion,,,
3795,   anonymous,,,
3796,   tolerate,,,
3797,   appreciation,,,
3798,   commissioner,,,
3799,   flexibility,,,
3800,   instructional,,,
3801,   scramble,,,
3802,   casino,,,
3803,   tumor,,,
3804,   decorate,,,
3805,   pulse,,,
3806,   equivalent,,,
3807,   fixed,,,
3808,   experienced,,,
3809,   donation,,,
3810,   diary,,,
3811,   sibling,,,
3812,   irony,,,
3813,   spoon,,,
3814,   midst,,,
3815,   alley,,,
3816,   interact,,,
3817,   soap,,,
3818,   cute,,,
3819,   rival,,,
3820,   short-term,,,
3821,   punch,,,
3822,   pin,,,
3823,   hockey,,,
3824,   passing,,,
3825,   persist,,,
3826,   supplier,,,
3827,   known,,,
3828,   momentum,,,
3829,   purse,,,
3830,   shed,,,
3831,   liquid,,,
3832,   icon,,,
3833,   elephant,,,
3834,   consequently,,,
3835,   legislature,,,
3836,   franchise,,,
3837,   correctly,,,
3838,   mentally,,,
3839,   foster,,,
3840,   bicycle,,,
3841,   encouraging,,,
3842,   cheat,,,
3843,   heal,,,
3844,   fever,,,
3845,   filter,,,
3846,   rabbit,,,
3847,   coin,,,
3848,   exploit,,,
3849,   accessible,,,
3850,   organism,,,
3851,   sensation,,,
3852,   partially,,,
3853,   upstairs,,,
3854,   dried,,,
3855,   conservation,,,
3856,   shove,,,
3857,   backyard,,,
3858,   charter,,,
3859,   stove,,,
3860,   consent,,,
3861,   comprise,,,
3862,   reminder,,,
3863,   alike,,,
3864,   placement,,,
3865,   dough,,,
3866,   grandchild,,,
3867,   dam,,,
3868,   reportedly,,,
3869,   well-known,,,
3870,   surrounding,,,
3871,   ecological,,,
3872,   outfit,,,
3873,   unprecedented,,,
3874,   columnist,,,
3875,   workout,,,
3876,   preliminary,,,
3877,   patent,,,
3878,   shy,,,
3879,   trash,,,
3880,   disabled,,,
3881,   gross,,,
3882,   damn,,,
3883,   hormone,,,
3884,   texture,,,
3885,   pencil,,,
3886,   frontier,,,
3887,   spray,,,
3888,   disclose,,,
3889,   custody,,,
3890,   banker,,,
3891,   beast,,,
3892,   interfere,,,
3893,   oak,,,
3894,   eighth,,,
3895,   notebook,,,
3896,   outline,,,
3897,   attendance,,,
3898,   speculation,,,
3899,   uncover,,,
3900,   behalf,,,
3901,   innovative,,,
3902,   shark,,,
3903,   mill,,,
3904,   installation,,,
3905,   stimulate,,,
3906,   tag,,,
3907,   vertical,,,
3908,   swimming,,,
3909,   fleet,,,
3910,   catalog,,,
3911,   outsider,,,
3912,   desperately,,,
3913,   stance,,,
3914,   compel,,,
3915,   sensitivity,,,
3916,   someday,,,
3917,   instant,,,
3918,   debut,,,
3919,   proclaim,,,
3920,   worldwide,,,
3921,   hike,,,
3922,   required,,,
3923,   confrontation,,,
3924,   colorful,,,
3925,   constitution,,,
3926,   trainer,,,
3927,   Thanksgiving,,,
3928,   scent,,,
3929,   stack,,,
3930,   eyebrow,,,
3931,   sack,,,
3932,   cease,,,
3933,   inherit,,,
3934,   tray,,,
3935,   pioneer,,,
3936,   organizational,,,
3937,   textbook,,,
3938,   uh,,,
3939,   nasty,,,
3940,   shrink,,,
3941,   emerging,,,
3942,   dot,,,
3943,   wheat,,,
3944,   fierce,,,
3945,   envision,,,
3946,   rational,,,
3947,   kingdom,,,
3948,   aisle,,,
3949,   weaken,,,
3950,   protocol,,,
3951,   exclusively,,,
3952,   vocal,,,
3953,   marketplace,,,
3954,   openly,,,
3955,   unfair,,,
3956,   terrain,,,
3957,   deploy,,,
3958,   risky,,,
3959,   hay,,,
3960,   genre,,,
3961,   distract,,,
3962,   merit,,,
3963,   planner,,,
3964,   depressed,,,
3965,   chunk,,,
3966,   closest,,,
3967,   discount,,,
3968,   ladder,,,
3969,   jungle,,,
3970,   migration,,,
3971,   breathing,,,
3972,   invade,,,
3973,   hurricane,,,
3974,   retailer,,,
3975,   classify,,,
3976,   coup,,,
3977,   ambassador,,,
3978,   density,,,
3979,   supportive,,,
3980,   curiosity,,,
3981,   skip,,,
3982,   aggression,,,
3983,   stimulus,,,
3984,   journalism,,,
3985,   robot,,,
3986,   dip,,,
3987,   likewise,,,
3988,   informal,,,
3989,   Persian,,,
3990,   feather,,,
3991,   sphere,,,
3992,   tighten,,,
3993,   boast,,,
3994,   pat,,,
3995,   perceived,,,
3996,   sole,,,
3997,   publicity,,,
3998,   unfold,,,
3999,   well-being,,,
4000,   validity,,,
4001,   ecosystem,,,
4002,   strictly,,,
4003,   partial,,,
4004,   collar,,,
4005,   weed,,,
4006,   compliance,,,
4007,   streak,,,
4008,   supposedly,,,
4009,   added,,,
4010,   builder,,,
4011,   glimpse,,,
4012,   premise,,,
4013,   specialty,,,
4014,   deem,,,
4015,   artifact,,,
4016,   sneak,,,
4017,   monkey,,,
4018,   mentor,,,
4019,   two-thirds,,,
4020,   listener,,,
4021,   lightning,,,
4022,   legally,,,
4023,   sleeve,,,
4024,   disappointment,,,
4025,   disturb,,,
4026,   rib,,,
4027,   excessive,,,
4028,   high-tech,,,
4029,   debris,,,
4030,   rod,,,
4031,   logical,,,
4032,   ash,,,
4033,   socially,,,
4034,   parish,,,
4035,   slavery,,,
4036,   blank,,,
4037,   commodity,,,
4038,   cure,,,
4039,   mineral,,,
4040,   hunger,,,
4041,   dying,,,
4042,   developmental,,,
4043,   faster,,,
4044,   spare,,,
4045,   halfway,,,
4046,   equality,,,
4047,   cemetery,,,
4048,   harassment,,,
4049,   deliberately,,,
4050,   fame,,,
4051,   regret,,,
4052,   striking,,,
4053,   likelihood,,,
4054,   carrot,,,
4055,   atop,,,
4056,   toll,,,
4057,   rim,,,
4058,   embarrassed,,,
4059,   fucking,,,
4060,   cling,,,
4061,   isolated,,,
4062,   blink,,,
4063,   suspicious,,,
4064,   wheelchair,,,
4065,   squad,,,
4066,   eligible,,,
4067,   processor,,,
4068,   plunge,,,
4069,   demographic,,,
4070,   chill,,,
4071,   refuge,,,
4072,   steer,,,
4073,   legislator,,,
4074,   rally,,,
4075,   programming,,,
4076,   cheer,,,
4077,   outlet,,,
4078,   intact,,,
4079,   vendor,,,
4080,   thrive,,,
4081,   peanut,,,
4082,   chew,,,
4083,   elaborate,,,
4084,   conception,,,
4085,   auction,,,
4086,   steak,,,
4087,   comply,,,
4088,   triumph,,,
4089,   shareholder,,,
4090,   comparable,,,
4091,   transport,,,
4092,   conscience,,,
4093,   calculation,,,
4094,   considerably,,,
4095,   interval,,,
4096,   scratch,,,
4097,   awake,,,
4098,   jurisdiction,,,
4099,   inevitably,,,
4100,   feminist,,,
4101,   constraint,,,
4102,   emotionally,,,
4103,   expedition,,,
4104,   allegedly,,,
4105,   similarity,,,
4106,   butt,,,
4107,   lid,,,
4108,   dumb,,,
4109,   bulk,,,
4110,   sprinkle,,,
4111,   mortality,,,
4112,   philosophical,,,
4113,   conversion,,,
4114,   patron,,,
4115,   municipal,,,
4116,   liver,,,
4117,   harmony,,,
4118,   solely,,,
4119,   tolerance,,,
4120,   goat,,,
4121,   blessing,,,
4122,   banana,,,
4123,   palace,,,
4124,   formerly,,,
4125,   peasant,,,
4126,   neat,,,
4127,   grandparent,,,
4128,   lawmaker,,,
4129,   supermarket,,,
4130,   cruise,,,
4131,   mobile,,,
4132,   calendar,,,
4133,   widow,,,
4134,   deposit,,,
4135,   beard,,,
4136,   brake,,,
4137,   screening,,,
4138,   impulse,,,
4139,   forbid,,,
4140,   fur,,,
4141,   brutal,,,
4142,   predator,,,
4143,   poke,,,
4144,   opt,,,
4145,   voluntary,,,
4146,   valid,,,
4147,   forum,,,
4148,   dancing,,,
4149,   happily,,,
4150,   soar,,,
4151,   removal,,,
4152,   autonomy,,,
4153,   enact,,,
4154,   thread,,,
4155,   landmark,,,
4156,   unhappy,,,
4157,   offender,,,
4158,   coming,,,
4159,   privately,,,
4160,   fraction,,,
4161,   distinctive,,,
4162,   tourism,,,
4163,   threshold,,,
4164,   routinely,,,
4165,   suite,,,
4166,   regulator,,,
4167,   straw,,,
4168,   theological,,,
4169,   exhaust,,,
4170,   globe,,,
4171,   fragile,,,
4172,   objection,,,
4173,   chemistry,,,
4174,   old-fashioned,,,
4175,   crowded,,,
4176,   blast,,,
4177,   prevail,,,
4178,   overnight,,,
4179,   denial,,,
4180,   rental,,,
4181,   fantastic,,,
4182,   fragment,,,
4183,   screw,,,
4184,   warmth,,,
4185,   undergraduate,,,
4186,   headache,,,
4187,   policeman,,,
4188,   projection,,,
4189,   suitable,,,
4190,   graduation,,,
4191,   drill,,,
4192,   cruel,,,
4193,   mansion,,,
4194,   grape,,,
4195,   authorize,,,
4196,   cottage,,,
4197,   driveway,,,
4198,   charm,,,
4199,   sexuality,,,
4200,   loyal,,,
4201,   clay,,,
4202,   balloon,,,
4203,   invention,,,
4204,   ego,,,
4205,   fare,,,
4206,   homework,,,
4207,   disc,,,
4208,   sofa,,,
4209,   availability,,,
4210,   radar,,,
4211,   frown,,,
4212,   regain,,,
4213,   sweater,,,
4214,   rehabilitation,,,
4215,   rubber,,,
4216,   retreat,,,
4217,   molecule,,,
4218,   freely,,,
4219,   favorable,,,
4220,   steadily,,,
4221,   integrated,,,
4222,   ha,,,
4223,   youngster,,,
4224,   premium,,,
4225,   accountability,,,
4226,   overwhelm,,,
4227,   one-third,,,
4228,   contemplate,,,
4229,   update,,,
4230,   spark,,,
4231,   ironically,,,
4232,   fatigue,,,
4233,   speculate,,,
4234,   marker,,,
4235,   preach,,,
4236,   bucket,,,
4237,   blond,,,
4238,   confession,,,
4239,   provoke,,,
4240,   marble,,,
4241,   substantially,,,
4242,   defender,,,
4243,   explicit,,,
4244,   disturbing,,,
4245,   surveillance,,,
4246,   magnetic,,,
4247,   technician,,,
4248,   mutter,,,
4249,   devastating,,,
4250,   depart,,,
4251,   arrow,,,
4252,   trauma,,,
4253,   neighboring,,,
4254,   soak,,,
4255,   ribbon,,,
4256,   meantime,,,
4257,   transmit,,,
4258,   harvest,,,
4259,   consecutive,,,
4260,   coordinate,,,
4261,   spy,,,
4262,   slot,,,
4263,   riot,,,
4264,   nutrient,,,
4265,   citizenship,,,
4266,   severely,,,
4267,   sovereignty,,,
4268,   ridge,,,
4269,   brave,,,
4270,   lighting,,,
4271,   specify,,,
4272,   contributor,,,
4273,   frustrate,,,
4274,   articulate,,,
4275,   importantly,,,
4276,   transit,,,
4277,   dense,,,
4278,   seminar,,,
4279,   electronics,,,
4280,   sunny,,,
4281,   shorts,,,
4282,   swell,,,
4283,   accusation,,,
4284,   soften,,,
4285,   straighten,,,
4286,   terribly,,,
4287,   cue,,,
4288,   bride,,,
4289,   biography,,,
4290,   hazard,,,
4291,   compelling,,,
4292,   seldom,,,
4293,   tile,,,
4294,   economically,,,
4295,   honestly,,,
4296,   troubled,,,
4297,   twentieth,,,
4298,   balanced,,,
4299,   foreigner,,,
4300,   convenience,,,
4301,   delight,,,
4302,   weave,,,
4303,   timber,,,
4304,   till,,,
4305,   accurately,,,
4306,   plea,,,
4307,   bulb,,,
4308,   flying,,,
4309,   sustainable,,,
4310,   devil,,,
4311,   bolt,,,
4312,   cargo,,,
4313,   spine,,,
4314,   seller,,,
4315,   skilled,,,
4316,   managing,,,
4317,   marine,,,
4318,   dock,,,
4319,   organized,,,
4320,   fog,,,
4321,   diplomat,,,
4322,   boring,,,
4323,   sometime,,,
4324,   summary,,,
4325,   missionary,,,
4326,   epidemic,,,
4327,   fatal,,,
4328,   trim,,,
4329,   warehouse,,,
4330,   accelerate,,,
4331,   butterfly,,,
4332,   bronze,,,
4333,   drown,,,
4334,   inherent,,,
4335,   nationwide,,,
4336,   spit,,,
4337,   kneel,,,
4338,   vacuum,,,
4339,   selected,,,
4340,   dictate,,,
4341,   stereotype,,,
4342,   sensor,,,
4343,   laundry,,,
4344,   manual,,,
4345,   pistol,,,
4346,   naval,,,
4347,   plaintiff,,,
4348,   middle-class,,,
4349,   apology,,,
,,,,
,,,,
,,,,
,,,,
,,,,
,,,,
,,,,
,,,,
,,,,
,,,,
,,,,
,,,,
,,,,
,,,,
,,,,
,,,,
,,,,
,,,,
,,,,
,,,,
,,,,
,,,,
,,,,
,,,,
,,,,
,,,,
,,,,
,,,,
,,,,
,,,,
,,,,
,,,,
,,,,
,,,,
,,,,
,,,,
,,,,
,,,,
,,,,
,,,,
,,,,
,,,,
,,,,
,,,,
,,,,
,,,,
,,,,
,,,,
,,,,
,,,,
,,,,
,,,,
,,,,
,,,,
,,,,
,,,,
,,,,
,,,,
,,,,
,,,,
,,,,
,,,,
,,,,
,,,,
,,,,
,,,,
,,,,
,,,,
,,,,
,,,,
,,,,
,,,,
,,,,
,,,,
,,,,
,,,,
,,,,
,,,,
,,,,
,,,,
,,,,
,,,,
,,,,
,,,,
,,,,
,,,,
,,,,
,,,,
,,,,
,,,,
,,,,
,,,,
,,,,
,,,,
,,,,
,,,,
,,,,
,,,,
,,,,
,,,,
,,,,
,,,,
,,,,
,,,,
,,,,
,,,,
,,,,
,,,,
,,,,
,,,,
,,,,
,,,,
,,,,
,,,,
,,,,
,,,,
,,,,
,,,,
,,,,
,,,,
,,,,
,,,,
,,,,
,,,,
,,,,
,,,,
,,,,
,,,,
,,,,
,,,,
,,,,
,,,,
,,,,
,,,,
,,,,
,,,,
,,,,
,,,,
,,,,
,,,,
,,,,
,,,,
,,,,
,,,,
,,,,
,,,,
,,,,
,,,,
,,,,
,,,,
,,,,
,,,,
,,,,
,,,,
,,,,
,,,,
,,,,
,,,,
,,,,
,,,,
,,,,
,,,,
,,,,
,,,,
,,,,
,,,,
,,,,
,,,,
,,,,
,,,,
,,,,
,,,,
,,,,
,,,,
,,,,
,,,,
,,,,
,,,,
,,,,
,,,,
,,,,
,,,,
,,,,
,,,,
,,,,
,,,,
,,,,
,,,,
,,,,
,,,,
,,,,
,,,,
,,,,
,,,,
,,,,
,,,,
,,,,
,,,,
,,,,
,,,,
,,,,
,,,,
,,,,
,,,,
,,,,
,,,,
,,,,
,,,,
,,,,
,,,,
,,,,
,,,,
,,,,
,,,,
,,,,
,,,,
,,,,
,,,,
,,,,
,,,,
,,,,
,,,,
,,,,
,,,,
,,,,
,,,,
,,,,
,,,,
,,,,
,,,,
,,,,
,,,,
,,,,
,,,,
,,,,
,,,,
,,,,
,,,,
,,,,
,,,,
,,,,
,,,,
,,,,
,,,,
,,,,
,,,,
,,,,
,,,,
,,,,
,,,,
,,,,
,,,,
,,,,
,,,,
,,,,
,,,,
,,,,
,,,,
,,,,
,,,,
,,,,
,,,,
,,,,
,,,,
,,,,
,,,,
,,,,
,,,,
,,,,
,,,,
,,,,
,,,,
,,,,
,,,,
,,,,
,,,,
,,,,
,,,,
,,,,
,,,,
,,,,
,,,,
,,,,
,,,,
,,,,
,,,,
,,,,
,,,,
,,,,
,,,,
,,,,
,,,,
,,,,
,,,,
,,,,
,,,,
,,,,
,,,,
,,,,
,,,,
,,,,
,,,,
,,,,
,,,,
,,,,
,,,,
,,,,
,,,,
,,,,
,,,,
,,,,
,,,,
,,,,
,,,,
,,,,
,,,,
,,,,
,,,,
,,,,
,,,,
,,,,
,,,,
,,,,
,,,,
,,,,
,,,,
,,,,
,,,,
,,,,
,,,,
,,,,
,,,,
,,,,
,,,,
,,,,
,,,,
,,,,
,,,,
,,,,
,,,,
,,,,
,,,,
,,,,
,,,,
,,,,
,,,,
,,,,
,,,,
,,,,
,,,,
,,,,
,,,,
,,,,
,,,,
,,,,
,,,,
,,,,
,,,,
,,,,
,,,,
,,,,
,,,,
,,,,
,,,,
,,,,
,,,,
,,,,
,,,,
,,,,
,,,,
,,,,
,,,,
,,,,
,,,,
,,,,
,,,,
,,,,
,,,,
,,,,
,,,,
,,,,
,,,,
,,,,
,,,,
,,,,
,,,,
,,,,
,,,,
,,,,
,,,,
,,,,
,,,,
,,,,
,,,,
,,,,
,,,,
,,,,
,,,,
,,,,
,,,,
,,,,
,,,,
,,,,
,,,,
,,,,
,,,,
,,,,
,,,,
,,,,
,,,,
,,,,
,,,,
,,,,
,,,,
,,,,
,,,,
,,,,
,,,,
,,,,
,,,,
,,,,
,,,,
,,,,
,,,,
,,,,
,,,,
,,,,
,,,,
,,,,
,,,,
,,,,
,,,,
,,,,
,,,,
,,,,
,,,,
,,,,
,,,,
,,,,
,,,,
,,,,
,,,,
,,,,
,,,,
,,,,
,,,,
,,,,
,,,,
,,,,
,,,,
,,,,
,,,,
,,,,
,,,,
,,,,
,,,,
,,,,
,,,,
,,,,
,,,,
,,,,
,,,,
,,,,
,,,,
,,,,
,,,,
,,,,
,,,,
,,,,
,,,,
,,,,
,,,,
,,,,
,,,,
,,,,
,,,,
,,,,
,,,,
,,,,
,,,,
,,,,
,,,,
,,,,
,,,,
,,,,
,,,,
,,,,
,,,,
,,,,
,,,,
,,,,
,,,,
,,,,
,,,,
,,,,
,,,,
,,,,
,,,,
,,,,
,,,,
,,,,
,,,,
,,,,
,,,,
,,,,
,,,,
,,,,
,,,,
,,,,
,,,,
,,,,
,,,,
,,,,
,,,,
,,,,
,,,,
,,,,
,,,,
,,,,
,,,,
,,,,
,,,,
,,,,
,,,,
,,,,
,,,,
,,,,
,,,,
,,,,
,,,,
,,,,
,,,,
,,,,
,,,,
,,,,
,,,,
,,,,
,,,,
,,,,
,,,,
,,,,
,,,,
,,,,
,,,,
,,,,
,,,,
,,,,
,,,,
,,,,
,,,,
,,,,
,,,,
,,,,
,,,,
,,,,
,,,,
,,,,
,,,,
,,,,
,,,,
,,,,
,,,,
,,,,
,,,,
,,,,
,,,,
,,,,
,,,,
,,,,
,,,,
,,,,
,,,,
,,,,
,,,,
,,,,
,,,,
,,,,
,,,,
,,,,
,,,,
,,,,
,,,,
,,,,
,,,,
,,,,
,,,,
,,,,
,,,,
,,,,
,,,,
,,,,
,,,,
,,,,
,,,,
,,,,
,,,,
,,,,
,,,,
,,,,
,,,,
,,,,
,,,,
,,,,
,,,,
,,,,
,,,,
,,,,
,,,,
,,,,
,,,,
,,,,
,,,,
,,,,
,,,,
,,,,
,,,,
,,,,
,,,,
,,,,
,,,,
,,,,
,,,,
,,,,
,,,,
,,,,
,,,,
,,,,
,,,,
,,,,
,,,,
,,,,
,,,,
,,,,
,,,,
,,,,
,,,,
,,,,
,,,,
,,,,
,,,,
,,,,
,,,,
,,,,
,,,,
,,,,
,,,,
,,,,
,,,,
,,,,
,,,,
,,,,
